insert into Administrator values('1', 'admin', 'admin');
insert into Administrator values('2', 'public', 'public');

insert into Users values('1', 'yzh', 'password', '100', '0', '13262600000', '姚子航', '516030910293');
insert into Users values('2', 'wxw', 'password', '100', '0', '13262600000', '王鑫伟', '516030910041');
insert into Users values('3', 'ly', 'password', '100', '0', '13262600000', '励颖', '516030910444');
insert into Users values('4', 'wyl', 'password', '100', '0', '13262600000', '王一林', '516030910000');
insert into Users values('5', 'sbj', 'password', '100', '1', '13262600000', '沈备军', '0');
insert into Users values('6', 'rr', 'password', '100', '1', '13262600000', '任锐', '0');
insert into Users values('7', 'chp', 'password', '100', '1', '13262600000', '陈昊鹏', '0');
insert into Users values('8', 'user8', 'password', '100', '0', '13262600000', '同睿哲', '516030910193');
insert into Users values('9', 'user9', 'password', '100', '0', '13262600000', '曹金坤', '515260910022');
insert into Users values('10', 'user10', 'password', '100', '0', '13262600000', '冯二虎', '516030910082');
insert into Users values('11', 'user11', 'password', '100', '0', '13262600000', '马轲', '516030910111');
insert into Users values('12', 'user12', 'password', '100', '0', '13262600000', '谢添翼', '516030910141');
insert into Users values('13', 'user13', 'password', '100', '0', '13262600000', '李浩', '516030910453');
insert into Users values('14', 'user14', 'password', '100', '0', '13262600000', '朱锦昊', '516030910122');
insert into Users values('15', 'user15', 'password', '100', '0', '13262600000', '罗宇辰', '516030910101');
insert into Users values('16', 'user16', 'password', '100', '0', '13262600000', '刘泽宇', '516030910108');
insert into Users values('17', 'user17', 'password', '100', '0', '13262600000', '宋逸凡', '516030910411');
insert into Users values('18', 'user18', 'password', '100', '0', '13262600000', '方俊杰', '516030910006');
insert into Users values('19', 'user19', 'password', '100', '0', '13262600000', '陈志扬', '516030910347');
insert into Users values('20', 'user20', 'password', '100', '0', '13262600000', '徐天强', '516030910391');
insert into Users values('21', 'user21', 'password', '100', '0', '13262600000', '应邦豪', '516030910367');
insert into Users values('22', 'user22', 'password', '100', '0', '13262600000', '余博识', '516030910197');
insert into Users values('23', 'user23', 'password', '100', '0', '13262600000', '吴正雨', '515010910055');
insert into Users values('24', 'user24', 'password', '100', '0', '13262600000', '胡雨奇', '516030910257');
insert into Users values('25', 'user25', 'password', '100', '0', '13262600000', '王梦瑶', '516030910177');
insert into Users values('26', 'user26', 'password', '100', '0', '13262600000', '蔡一凡', '516030910375');
insert into Users values('27', 'user27', 'password', '100', '0', '13262600000', '张宇航', '516030910273');
insert into Users values('28', 'user28', 'password', '100', '0', '13262600000', '王见思', '516030910412');
insert into Users values('29', 'user29', 'password', '100', '0', '13262600000', '赵樱', '516030910422');
insert into Users values('30', 'user30', 'password', '100', '0', '13262600000', '潘子奕', '516030910239');
insert into Users values('31', 'user31', 'password', '100', '0', '13262600000', '陈诺', '516030910199');
insert into Users values('32', 'user32', 'password', '100', '0', '13262600000', '蔡忠玮', '516030910328');
insert into Users values('33', 'user33', 'password', '100', '0', '13262600000', '金瑞洋', '516030910408');
insert into Users values('34', 'user34', 'password', '100', '0', '13262600000', '李琥', '516030910034');
insert into Users values('35', 'user35', 'password', '100', '0', '13262600000', '李晗东', '515110910011');
insert into Users values('36', 'user36', 'password', '100', '0', '13262600000', '原帅', '516030910222');
insert into Users values('37', 'user37', 'password', '100', '0', '13262600000', '丁丁', '515015910005');
insert into Users values('38', 'user38', 'password', '100', '0', '13262600000', '李东起', '516030910359');
insert into Users values('39', 'user39', 'password', '100', '0', '13262600000', '何荣俊', '516030910059');
insert into Users values('40', 'user40', 'password', '100', '0', '13262600000', '余心如', '516030910128');
insert into Users values('41', 'user41', 'password', '100', '0', '13262600000', '胡嘉宏', '516030910308');
insert into Users values('42', 'user42', 'password', '100', '0', '13262600000', '黎君', '516030910233');
insert into Users values('43', 'user43', 'password', '100', '0', '13262600000', '叶东诚', '516030910020');
insert into Users values('44', 'user44', 'password', '100', '0', '13262600000', '方娄昊', '516030910033');
insert into Users values('45', 'user45', 'password', '100', '0', '13262600000', '罗一淏', '516030910038');
insert into Users values('46', 'user46', 'password', '100', '0', '13262600000', '黄友奇', '515020990002');
insert into Users values('47', 'user47', 'password', '100', '1', '13262600000', '彭博', '0');
insert into Users values('48', 'user48', 'password', '100', '1', '13262600000', '孙浩然', '0');
insert into Users values('49', 'user49', 'password', '100', '1', '13262600000', '李健', '0');
insert into Users values('50', 'user50', 'password', '100', '1', '13262600000', '戚正伟', '0');
insert into Users values('51', 'user51', 'password', '100', '1', '13262600000', '张坚鑫', '0');
insert into Users values('52', 'user52', 'password', '100', '1', '13262600000', '李国强', '0');
insert into Users values('53', 'user53', 'password', '100', '1', '13262600000', '姜丽红', '0');
insert into Users values('54', 'user54', 'password', '100', '1', '13262600000', '臧斌宇', '0');
insert into Users values('55', 'user55', 'password', '100', '1', '13262600000', '陈榕', '0');
insert into Users values('56', 'user56', 'password', '100', '1', '13262600000', '夏虞斌', '0');
insert into Users values('57', 'user57', 'password', '100', '0', '13262600000', '李子男', '0');
insert into Users values('58', 'user58', 'password', '100', '0', '13262600000', '洪臻', '0');
insert into Users values('59', 'user59', 'password', '100', '0', '13262600000', '赵子铭', '0');
insert into Users values('60', 'user60', 'password', '100', '0', '13262600000', '余倩倩', '0');
insert into Users values('61', 'user61', 'password', '100', '0', '13262600000', '王心然', '0');
insert into Users values('62', 'user62', 'password', '100', '0', '13262600000', 'Jason', '0');

insert into JaccountUsers values('1', 'yzh', '100', '0', '13262600000', '姚子航', '516030910000');
insert into JaccountUsers values('2', 'wxw', '100', '0', '13262600000', '王鑫伟', '516030910000');
insert into JaccountUsers values('3', 'ly', '100', '0', '13262600000', '励颖', '516030910000');
insert into JaccountUsers values('4', 'wyl', '100', '0', '13262600000', '王一林', '516030910000');

insert into Driver values('1', 'driver1', 'driver1', '13262600000');
insert into Driver values('2', 'driver2', 'driver2', '18767600000');
insert into Driver values('3', 'driver3', 'driver3', '13262600000');
insert into Driver values('4', 'driver4', 'driver4', '18767600000');

insert into Bus values('1', '1', '50', '沪D52210');
insert into Bus values('2', '2', '50', '沪D52182');
insert into Bus values('3', '1', '50', '沪D41683');

insert into Shift values('LLAW0730', '1','LoopLineAntiClockwise', '校园巴士逆时针', 'NormalWorkday', '7:30:00', '7:50:00', '5', '');
insert into Shift values('LLAW0745', '2','LoopLineAntiClockwise', '校园巴士逆时针', 'NormalWorkday', '7:45:00', '8:05:00', '5', '');
insert into Shift values('LLAW0800', '3','LoopLineAntiClockwise', '校园巴士逆时针', 'NormalWorkday', '8:00:00', '8:20:00', '5', '');
insert into Shift values('LLAW0815', '1','LoopLineAntiClockwise', '校园巴士逆时针', 'NormalWorkday', '8:15:00', '8:35:00', '5', '');
insert into Shift values('LLAW0825', '2','LoopLineAntiClockwise', '校园巴士逆时针', 'NormalWorkday', '8:25:00', '8:45:00', '5', '');
insert into Shift values('LLAW0840', '3','LoopLineAntiClockwise', '校园巴士逆时针', 'NormalWorkday', '8:40:00', '9:00:00', '5', '');
insert into Shift values('LLAW0900', '1','LoopLineAntiClockwise', '校园巴士逆时针', 'NormalWorkday', '9:00:00', '9:20:00', '5', '');
insert into Shift values('LLAW0920', '2','LoopLineAntiClockwise', '校园巴士逆时针', 'NormalWorkday', '9:20:00', '9:40:00', '5', '');
insert into Shift values('LLAW0940', '3','LoopLineAntiClockwise', '校园巴士逆时针', 'NormalWorkday', '9:40:00', '10:00:00', '5', '');
insert into Shift values('LLAW1000', '1','LoopLineAntiClockwise', '校园巴士逆时针', 'NormalWorkday', '10:00:00', '10:20:00', '5', '');
insert into Shift values('LLAW1020', '2','LoopLineAntiClockwise', '校园巴士逆时针', 'NormalWorkday', '10:20:00', '10:40:00', '5', '');
insert into Shift values('LLAW1040', '3','LoopLineAntiClockwise', '校园巴士逆时针', 'NormalWorkday', '10:40:00', '11:00:00', '5', '');
insert into Shift values('LLAW1100', '1','LoopLineAntiClockwise', '校园巴士逆时针', 'NormalWorkday', '11:00:00', '11:20:00', '5', '');
insert into Shift values('LLAW1120', '2','LoopLineAntiClockwise', '校园巴士逆时针', 'NormalWorkday', '11:20:00', '11:40:00', '5', '');
insert into Shift values('LLAW1140', '3','LoopLineAntiClockwise', '校园巴士逆时针', 'NormalWorkday', '11:40:00', '12:00:00', '5', '');
insert into Shift values('LLAW1200', '1','LoopLineAntiClockwise', '校园巴士逆时针', 'NormalWorkday', '12:00:00', '13:00:00', '5', '');
insert into Shift values('LLAW1300', '2','LoopLineAntiClockwise', '校园巴士逆时针', 'NormalWorkday', '13:00:00', '13:20:00', '5', '');
insert into Shift values('LLAW1320', '3','LoopLineAntiClockwise', '校园巴士逆时针', 'NormalWorkday', '13:20:00', '13:40:00', '5', '');
insert into Shift values('LLAW1340', '1','LoopLineAntiClockwise', '校园巴士逆时针', 'NormalWorkday', '13:40:00', '14:00:00', '5', '');
insert into Shift values('LLAW1400', '2','LoopLineAntiClockwise', '校园巴士逆时针', 'NormalWorkday', '14:00:00', '14:20:00', '5', '');
insert into Shift values('LLAW1420', '3','LoopLineAntiClockwise', '校园巴士逆时针', 'NormalWorkday', '14:20:00', '14:40:00', '5', '');
insert into Shift values('LLAW1440', '1','LoopLineAntiClockwise', '校园巴士逆时针', 'NormalWorkday', '14:40:00', '15:00:00', '5', '');
insert into Shift values('LLAW1500', '2','LoopLineAntiClockwise', '校园巴士逆时针', 'NormalWorkday', '15:00:00', '15:20:00', '5', '');
insert into Shift values('LLAW1520', '3','LoopLineAntiClockwise', '校园巴士逆时针', 'NormalWorkday', '15:20:00', '15:40:00', '5', '');
insert into Shift values('LLAW1540', '1','LoopLineAntiClockwise', '校园巴士逆时针', 'NormalWorkday', '15:40:00', '16:00:00', '5', '');
insert into Shift values('LLAW1600', '2','LoopLineAntiClockwise', '校园巴士逆时针', 'NormalWorkday', '16:00:00', '16:20:00', '5', '');
insert into Shift values('LLAW1620', '3','LoopLineAntiClockwise', '校园巴士逆时针', 'NormalWorkday', '16:20:00', '16:40:00', '5', '');
insert into Shift values('LLAW1630', '1','LoopLineAntiClockwise', '校园巴士逆时针', 'NormalWorkday', '16:30:00', '16:50:00', '5', '');
insert into Shift values('LLAW1700', '2','LoopLineAntiClockwise', '校园巴士逆时针', 'NormalWorkday', '17:00:00', '17:20:00', '5', '');
insert into Shift values('LLAW1715', '3','LoopLineAntiClockwise', '校园巴士逆时针', 'NormalWorkday', '17:15:00', '17:35:00', '5', '');
insert into Shift values('LLAW1730', '1','LoopLineAntiClockwise', '校园巴士逆时针', 'NormalWorkday', '17:30:00', '17:50:00', '5', '');
insert into Shift values('LLAW1750', '2','LoopLineAntiClockwise', '校园巴士逆时针', 'NormalWorkday', '17:50:00', '18:10:00', '5', '');
insert into Shift values('LLAW1800', '3','LoopLineAntiClockwise', '校园巴士逆时针', 'NormalWorkday', '18:00:00', '18:20:00', '5', '');
insert into Shift values('LLAW1900', '1','LoopLineAntiClockwise', '校园巴士逆时针', 'NormalWorkday', '19:00:00', '19:20:00', '5', '');
insert into Shift values('LLAW2010', '2','LoopLineAntiClockwise', '校园巴士逆时针', 'NormalWorkday', '20:10:00', '20:30:00', '5', '');
insert into Shift values('LLCW0830', '3','LoopLineClockwise', '校园巴士顺时针', 'NormalWorkday', '8:30:00', '8:50:00', '5', '');
insert into Shift values('LLCW0850', '1','LoopLineClockwise', '校园巴士顺时针', 'NormalWorkday', '8:50:00', '9:10:00', '5', '');
insert into Shift values('LLCW0910', '2','LoopLineClockwise', '校园巴士顺时针', 'NormalWorkday', '9:10:00', '9:30:00', '5', '');
insert into Shift values('LLCW0930', '3','LoopLineClockwise', '校园巴士顺时针', 'NormalWorkday', '9:30:00', '9:50:00', '5', '');
insert into Shift values('LLCW1000', '1','LoopLineClockwise', '校园巴士顺时针', 'NormalWorkday', '10:00:00', '10:20:00', '5', '');
insert into Shift values('LLCW1030', '2','LoopLineClockwise', '校园巴士顺时针', 'NormalWorkday', '10:30:00', '10:50:00', '5', '');
insert into Shift values('LLCW1100', '3','LoopLineClockwise', '校园巴士顺时针', 'NormalWorkday', '11:00:00', '11:20:00', '5', '');
insert into Shift values('LLCW1130', '1','LoopLineClockwise', '校园巴士顺时针', 'NormalWorkday', '11:30:00', '11:50:00', '5', '');
insert into Shift values('LLCW1230', '2','LoopLineClockwise', '校园巴士顺时针', 'NormalWorkday', '12:30:00', '12:50:00', '5', '');
insert into Shift values('LLCW1330', '3','LoopLineClockwise', '校园巴士顺时针', 'NormalWorkday', '13:30:00', '13:50:00', '5', '');
insert into Shift values('LLCW1400', '1','LoopLineClockwise', '校园巴士顺时针', 'NormalWorkday', '14:00:00', '14:20:00', '5', '');
insert into Shift values('LLCW1430', '2','LoopLineClockwise', '校园巴士顺时针', 'NormalWorkday', '14:30:00', '14:50:00', '5', '');
insert into Shift values('LLCW1500', '3','LoopLineClockwise', '校园巴士顺时针', 'NormalWorkday', '15:00:00', '15:20:00', '5', '');
insert into Shift values('LLCW1530', '1','LoopLineClockwise', '校园巴士顺时针', 'NormalWorkday', '15:30:00', '15:50:00', '5', '');
insert into Shift values('LLCW1600', '2','LoopLineClockwise', '校园巴士顺时针', 'NormalWorkday', '16:00:00', '16:20:00', '5', '');
insert into Shift values('LLCW1630', '3','LoopLineClockwise', '校园巴士顺时针', 'NormalWorkday', '16:30:00', '16:50:00', '5', '');
insert into Shift values('LLAH0815', '1','LoopLineAntiClockwise', '校园巴士逆时针', 'HolidayWorkday', '8:15:00', '8:35:00', '5', '');
insert into Shift values('LLAH0930', '2','LoopLineAntiClockwise', '校园巴士逆时针', 'HolidayWorkday', '9:30:00', '9:50:00', '5', '');
insert into Shift values('LLAH1030', '3','LoopLineAntiClockwise', '校园巴士逆时针', 'HolidayWorkday', '10:30:00', '10:50:00', '5', '');
insert into Shift values('LLAH1130', '1','LoopLineAntiClockwise', '校园巴士逆时针', 'HolidayWorkday', '11:30:00', '11:50:00', '5', '');
insert into Shift values('LLAH1500', '2','LoopLineAntiClockwise', '校园巴士逆时针', 'HolidayWorkday', '15:00:00', '15:20:00', '5', '');
insert into Shift values('LLAH1630', '3','LoopLineAntiClockwise', '校园巴士逆时针', 'HolidayWorkday', '16:30:00', '16:50:00', '5', '');
insert into Shift values('LLAH1800', '1','LoopLineAntiClockwise', '校园巴士逆时针', 'HolidayWorkday', '18:00:00', '18:20:00', '5', '');
insert into Shift values('LLCH0845', '2','LoopLineClockwise', '校园巴士顺时针', 'HolidayWorkday', '8:45:00', '9:05:00', '5', '');
insert into Shift values('LLCH1000', '3','LoopLineClockwise', '校园巴士顺时针', 'HolidayWorkday', '10:00:00', '10:20:00', '5', '');
insert into Shift values('LLCH1100', '1','LoopLineClockwise', '校园巴士顺时针', 'HolidayWorkday', '11:00:00', '11:20:00', '5', '');
insert into Shift values('LLCH1200', '2','LoopLineClockwise', '校园巴士顺时针', 'HolidayWorkday', '12:00:00', '12:20:00', '5', '');
insert into Shift values('LLCH1400', '3','LoopLineClockwise', '校园巴士顺时针', 'HolidayWorkday', '14:00:00', '14:20:00', '5', '');
insert into Shift values('LLCH1600', '1','LoopLineClockwise', '校园巴士顺时针', 'HolidayWorkday', '16:00:00', '16:20:00', '5', '');
insert into Shift values('LLCH1715', '2','LoopLineClockwise', '校园巴士顺时针', 'HolidayWorkday', '17:15:00', '17:35:00', '5', '');
insert into Shift values('MXWD0640A', '3','MinHangToXuHui', '闵行到徐汇', 'NormalWorkday', '6:40:00', '7:40:00', '5', '共 2 班, 均直达徐汇校区');
insert into Shift values('MXWD0640B', '1','MinHangToXuHui', '闵行到徐汇', 'NormalWorkday', '6:40:00', '7:40:00', '5', '共 2 班, 均直达徐汇校区');
insert into Shift values('MXWD0715A', '2','MinHangToXuHui', '闵行到徐汇', 'NormalWorkday', '7:15:00', '8:15:00', '5', '共 2 班, 均直达徐汇校区');
insert into Shift values('MXWD0715B', '3','MinHangToXuHui', '闵行到徐汇', 'NormalWorkday', '7:15:00', '8:15:00', '5', '共 2 班, 均直达徐汇校区');
insert into Shift values('MXWD0830', '1','MinHangToXuHui', '闵行到徐汇', 'NormalWorkday', '8:30:00', '9:30:00', '5', '共 1 班, 直达徐汇校区');
insert into Shift values('MXWD1010A', '2','MinHangToXuHui', '闵行到徐汇', 'NormalWorkday', '10:10:00', '11:10:00', '5', '共 2 班, 均直达徐汇校区');
insert into Shift values('MXWD1010B', '3','MinHangToXuHui', '闵行到徐汇', 'NormalWorkday', '10:10:00', '11:10:00', '5', '共 2 班, 均直达徐汇校区');
insert into Shift values('MXWD1215A', '1','MinHangToXuHui', '闵行到徐汇', 'NormalWorkday', '12:15:00', '13:15:00', '5', '共 3 班, 均直达徐汇校区');
insert into Shift values('MXWD1215B', '2','MinHangToXuHui', '闵行到徐汇', 'NormalWorkday', '12:15:00', '13:15:00', '5', '共 3 班, 均直达徐汇校区');
insert into Shift values('MXWD1215C', '3','MinHangToXuHui', '闵行到徐汇', 'NormalWorkday', '12:15:00', '13:15:00', '5', '共 3 班, 均直达徐汇校区');
insert into Shift values('MXWD1410A', '1','MinHangToXuHui', '闵行到徐汇', 'NormalWorkday', '14:10:00', '15:10:00', '5', '共 2 班, 均直达徐汇校区');
insert into Shift values('MXWD1410B', '2','MinHangToXuHui', '闵行到徐汇', 'NormalWorkday', '14:10:00', '15:10:00', '5', '共 2 班, 均直达徐汇校区');
insert into Shift values('MXWD1600A', '3','MinHangToXuHui', '闵行到徐汇', 'NormalWorkday', '16:00:00', '17:00:00', '5', '共 3 班, 均直达徐汇校区');
insert into Shift values('MXWD1600B', '1','MinHangToXuHui', '闵行到徐汇', 'NormalWorkday', '16:00:00', '17:00:00', '5', '共 3 班, 均直达徐汇校区');
insert into Shift values('MXWD1600C', '2','MinHangToXuHui', '闵行到徐汇', 'NormalWorkday', '16:00:00', '17:00:00', '5', '共 3 班, 均直达徐汇校区');
insert into Shift values('MXWD1700A', '3','MinHangToXuHui', '闵行到徐汇', 'NormalWorkday', '17:00:00', '18:00:00', '5', '共 3 班, 该班直达徐汇校区, 途径罗阳、上中、天钥、交大新村 ');
insert into Shift values('MXWD1700B', '1','MinHangToXuHui', '闵行到徐汇', 'NormalWorkday', '17:00:00', '18:00:00', '5', '共 3 班, 该班直达田林');
insert into Shift values('MXWD1700C', '2','MinHangToXuHui', '闵行到徐汇', 'NormalWorkday', '17:00:00', '18:00:00', '5', '共 3 班, 该班直达古美');
insert into Shift values('MXWD1830A', '3','MinHangToXuHui', '闵行到徐汇', 'NormalWorkday', '18:30:00', '19:30:00', '5', '共 2 班, 均直达徐汇校区');
insert into Shift values('MXWD1830B', '1','MinHangToXuHui', '闵行到徐汇', 'NormalWorkday', '18:30:00', '19:30:00', '5', '共 2 班, 均直达徐汇校区');
insert into Shift values('MXWD2040A', '2','MinHangToXuHui', '闵行到徐汇', 'NormalWorkday', '20:40:00', '21:40:00', '5', '共 2 班, 均直达徐汇校区');
insert into Shift values('MXWD2040B', '3','MinHangToXuHui', '闵行到徐汇', 'NormalWorkday', '20:40:00', '21:40:00', '5', '共 2 班, 均直达徐汇校区');
insert into Shift values('MXWE0730', '1','MinHangToXuHui', '闵行到徐汇', 'NormalWeekendAndLegalHoliday', '7:30:00', '8:30:00', '5', '共 1 班, 直达徐汇校区');
insert into Shift values('MXWE1630', '2','MinHangToXuHui', '闵行到徐汇', 'NormalWeekendAndLegalHoliday', '12:15:00', '13:15:00', '5', '共 1 班, 直达徐汇校区');
insert into Shift values('MXHD0730', '3','MinHangToXuHui', '闵行到徐汇', 'HolidayWorkday', '7:30:00', '8:30:00', '5', '共 1 班, 直达徐汇校区');
insert into Shift values('MXHD1215', '1','MinHangToXuHui', '闵行到徐汇', 'HolidayWorkday', '12:15:00', '13:15:00', '5', '共 1 班, 直达徐汇校区');
insert into Shift values('MXHD1630A', '2','MinHangToXuHui', '闵行到徐汇', 'HolidayWorkday', '16:30:00', '17:30:00', '5', '共 3 班, 该班直达徐汇校区, 途径罗阳、上中、天钥、交大新村 ');
insert into Shift values('MXHD1630B', '3','MinHangToXuHui', '闵行到徐汇', 'HolidayWorkday', '16:30:00', '17:30:00', '5', '共 3 班, 该班直达田林');
insert into Shift values('MXHD1630C', '1','MinHangToXuHui', '闵行到徐汇', 'HolidayWorkday', '16:30:00', '17:30:00', '5', '共 3 班, 该班直达古美');
insert into Shift values('MXHD1730', '2','MinHangToXuHui', '闵行到徐汇', 'HolidayWorkday', '17:30:00', '18:30:00', '5', '共 1 班, 直达徐汇校区');
insert into Shift values('MXHD2000', '3','MinHangToXuHui', '闵行到徐汇', 'HolidayWorkday', '20:00:00', '21:00:00', '5', '共 1 班, 直达徐汇校区');
insert into Shift values('MXHE0730', '1','MinHangToXuHui', '闵行到徐汇', 'HolidayWeekend', '7:30:00', '8:30:00', '5', '共 1 班, 直达徐汇校区');
insert into Shift values('MXHE1630', '2','MinHangToXuHui', '闵行到徐汇', 'HolidayWeekend', '16:30:00', '17:30:00', '5', '共 1 班, 直达徐汇校区');
insert into Shift values('XMWD0645A', '3','XuHuiToMinHang', '徐汇到闵行', 'NormalWorkday', '6:45:00', '7:45:00', '5', '共 2 班, 该班天钥路始发, 途径上中、罗阳至闵行 ');
insert into Shift values('XMWD0645B', '1','XuHuiToMinHang', '徐汇到闵行', 'NormalWorkday', '6:45:00', '7:45:00', '5', '共 2 班, 该班田林始发, 途径古美至闵行');
insert into Shift values('XMWD0700A', '2','XuHuiToMinHang', '徐汇到闵行', 'NormalWorkday', '7:00:00', '8:00:00', '5', '共 2 班, 该班徐汇校区始发');
insert into Shift values('XMWD0700B', '3','XuHuiToMinHang', '徐汇到闵行', 'NormalWorkday', '7:00:00', '8:00:00', '5', '共 2 班, 该班交大新村始发');
insert into Shift values('XMWD0730A', '1','XuHuiToMinHang', '徐汇到闵行', 'NormalWorkday', '7:30:00', '8:30:00', '5', '共 4 班, 该班徐汇校区始发');
insert into Shift values('XMWD0730B', '2','XuHuiToMinHang', '徐汇到闵行', 'NormalWorkday', '7:30:00', '8:30:00', '5', '共 4 班, 该班交大新村始发');
insert into Shift values('XMWD0730C', '3','XuHuiToMinHang', '徐汇到闵行', 'NormalWorkday', '7:30:00', '8:30:00', '5', '共 4 班, 该班田林始发');
insert into Shift values('XMWD0730D', '1','XuHuiToMinHang', '徐汇到闵行', 'NormalWorkday', '7:30:00', '8:30:00', '5', '共 4 班, 该班古美始发');
insert into Shift values('XMWD0900A', '2','XuHuiToMinHang', '徐汇到闵行', 'NormalWorkday', '9:00:00', '10:00:00', '5', '共 3 班, 均直达闵行校区');
insert into Shift values('XMWD0900B', '3','XuHuiToMinHang', '徐汇到闵行', 'NormalWorkday', '9:00:00', '10:00:00', '5', '共 3 班, 均直达闵行校区');
insert into Shift values('XMWD0900C', '1','XuHuiToMinHang', '徐汇到闵行', 'NormalWorkday', '9:00:00', '10:00:00', '5', '共 3 班, 均直达闵行校区');
insert into Shift values('XMWD1010', '2','XuHuiToMinHang', '徐汇到闵行', 'NormalWorkday', '10:10:00', '11:10:00', '5', '共 1 班, 直达闵行校区');
insert into Shift values('XMWD1200A', '3','XuHuiToMinHang', '徐汇到闵行', 'NormalWorkday', '12:00:00', '13:00:00', '5', '共 2 班, 均途径交大新村直达闵行');
insert into Shift values('XMWD1200B', '1','XuHuiToMinHang', '徐汇到闵行', 'NormalWorkday', '12:00:00', '13:00:00', '5', '共 2 班, 均途径交大新村直达闵行');
insert into Shift values('XMWD1300A', '2','XuHuiToMinHang', '徐汇到闵行', 'NormalWorkday', '13:00:00', '14:00:00', '5', '共 3 班, 均直达闵行校区');
insert into Shift values('XMWD1300B', '3','XuHuiToMinHang', '徐汇到闵行', 'NormalWorkday', '13:00:00', '14:00:00', '5', '共 3 班, 均直达闵行校区');
insert into Shift values('XMWD1300C', '1','XuHuiToMinHang', '徐汇到闵行', 'NormalWorkday', '13:00:00', '14:00:00', '5', '共 3 班, 均直达闵行校区');
insert into Shift values('XMWD1500A', '2','XuHuiToMinHang', '徐汇到闵行', 'NormalWorkday', '15:00:00', '16:00:00', '5', '共 2 班, 均直达闵行校区');
insert into Shift values('XMWD1500B', '3','XuHuiToMinHang', '徐汇到闵行', 'NormalWorkday', '15:00:00', '16:00:00', '5', '共 2 班, 均直达闵行校区');
insert into Shift values('XMWD1700A', '1','XuHuiToMinHang', '徐汇到闵行', 'NormalWorkday', '17:00:00', '18:00:00', '5', '共 3 班, 均直达闵行校区');
insert into Shift values('XMWD1700B', '2','XuHuiToMinHang', '徐汇到闵行', 'NormalWorkday', '17:00:00', '18:00:00', '5', '共 3 班, 均直达闵行校区');
insert into Shift values('XMWD1700C', '3','XuHuiToMinHang', '徐汇到闵行', 'NormalWorkday', '17:00:00', '18:00:00', '5', '共 3 班, 均直达闵行校区');
insert into Shift values('XMWD1800A', '1','XuHuiToMinHang', '徐汇到闵行', 'NormalWorkday', '18:00:00', '19:00:00', '5', '共 2 班, 均直达闵行校区');
insert into Shift values('XMWD1800B', '2','XuHuiToMinHang', '徐汇到闵行', 'NormalWorkday', '18:00:00', '19:00:00', '5', '共 2 班, 均直达闵行校区');
insert into Shift values('XMWD2000A', '3','XuHuiToMinHang', '徐汇到闵行', 'NormalWorkday', '20:00:00', '21:00:00', '5', '共 2 班, 均直达闵行校区');
insert into Shift values('XMWD2000B', '1','XuHuiToMinHang', '徐汇到闵行', 'NormalWorkday', '20:00:00', '21:00:00', '5', '共 2 班, 均直达闵行校区');
insert into Shift values('XMWD2130A', '2','XuHuiToMinHang', '徐汇到闵行', 'NormalWorkday', '21:30:00', '22:30:00', '5', '共 2 班, 均直达闵行校区');
insert into Shift values('XMWD2130B', '3','XuHuiToMinHang', '徐汇到闵行', 'NormalWorkday', '21:30:00', '22:30:00', '5', '共 2 班, 均直达闵行校区');
insert into Shift values('XMWE0830', '1','XuHuiToMinHang', '徐汇到闵行', 'NormalWeekendAndLegalHoliday', '8:30:00', '9:30:00', '5', '共 1 班, 直达闵行校区');
insert into Shift values('XMWE1730', '2','XuHuiToMinHang', '徐汇到闵行', 'NormalWeekendAndLegalHoliday', '17:30:00', '18:30:00', '5', '共 1 班, 直达闵行校区');
insert into Shift values('XMHD0730A', '3','XuHuiToMinHang', '徐汇到闵行', 'HolidayWorkday', '7:30:00', '8:30:00', '5', '共 4 班, 该班途径天钥、上中、罗阳直达闵行');
insert into Shift values('XMHD0730B', '1','XuHuiToMinHang', '徐汇到闵行', 'HolidayWorkday', '7:30:00', '8:30:00', '5', '共 4 班, 该班交大新村始发');
insert into Shift values('XMHD0730C', '2','XuHuiToMinHang', '徐汇到闵行', 'HolidayWorkday', '7:30:00', '8:30:00', '5', '共 4 班, 该班田林始发');
insert into Shift values('XMHD0730D', '3','XuHuiToMinHang', '徐汇到闵行', 'HolidayWorkday', '7:30:00', '8:30:00', '5', '共 4 班, 该班古美始发');
insert into Shift values('XMHD0830', '1','XuHuiToMinHang', '徐汇到闵行', 'HolidayWorkday', '8:30:00', '9:30:00', '5', '共 1 班, 古美始发');
insert into Shift values('XMHD1315', '2','XuHuiToMinHang', '徐汇到闵行', 'HolidayWorkday', '13:15:00', '14:15:00', '5', '共 1 班, 直达闵行校区');
insert into Shift values('XMHD1630', '3','XuHuiToMinHang', '徐汇到闵行', 'HolidayWorkday', '16:30:00', '17:30:00', '5', '共 1 班, 直达闵行校区');
insert into Shift values('XMHD2100', '1','XuHuiToMinHang', '徐汇到闵行', 'HolidayWorkday', '21:00:00', '22:00:00', '5', '共 1 班, 直达闵行校区');
insert into Shift values('XMHE0830', '2','XuHuiToMinHang', '徐汇到闵行', 'HolidayWeekend', '8:30:00', '9:30:00', '5', '共 1 班, 直达闵行校区');
insert into Shift values('XMHE1730', '3','XuHuiToMinHang', '徐汇到闵行', 'HolidayWeekend', '17:30:00', '18:30:00', '5', '共 1 班, 直达闵行校区');
insert into Shift values('QMWD0700', '1','QiBaoToMinHang', '七宝到闵行', 'NormalWorkday', '7:00:00', '8:00:00', '5', '共 1 班, 直达闵行校区');
insert into Shift values('QMWD1110', '2','QiBaoToMinHang', '七宝到闵行', 'NormalWorkday', '11:10:00', '12:10:00', '5', '共 1 班, 直达闵行校区');
insert into Shift values('QMWD1610', '3','QiBaoToMinHang', '七宝到闵行', 'NormalWorkday', '16:10:00', '17:10:00', '5', '共 1 班, 直达闵行校区');
insert into Shift values('QMWD1950', '1','QiBaoToMinHang', '七宝到闵行', 'NormalWorkday', '19:50:00', '20:50:00', '5', '共 1 班, 直达闵行校区');
insert into Shift values('QMHD0800', '2','QiBaoToMinHang', '七宝到闵行', 'HolidayWorkday', '8:00:00', '9:00:00', '5', '共 1 班, 直达闵行校区');
insert into Shift values('QMHD1610', '3','QiBaoToMinHang', '七宝到闵行', 'HolidayWorkday', '16:10:00', '17:10:00', '5', '共 1 班, 直达闵行校区');
insert into Shift values('MQWD0800', '1','MinHangToQiBao', '闵行到七宝', 'NormalWorkday', '8:00:00', '9:00:00', '5', '共 1 班, 直达七宝校区');
insert into Shift values('MQWD1220', '2','MinHangToQiBao', '闵行到七宝', 'NormalWorkday', '12:20:00', '13:20:00', '5', '共 1 班, 直达七宝校区');
insert into Shift values('MQWD1700', '3','MinHangToQiBao', '闵行到七宝', 'NormalWorkday', '17:00:00', '18:00:00', '5', '共 1 班, 直达七宝校区');
insert into Shift values('MQWD2030', '1','MinHangToQiBao', '闵行到七宝', 'NormalWorkday', '20:30:00', '21:30:00', '5', '共 1 班, 直达七宝校区');
insert into Shift values('MQHD0850', '2','MinHangToQiBao', '闵行到七宝', 'HolidayWorkday', '8:50:00', '9:50:00', '5', '共 1 班, 直达七宝校区');
insert into Shift values('MQHD1700', '3','MinHangToQiBao', '闵行到七宝', 'HolidayWorkday', '17:00:00', '18:00:00', '5', '共 1 班, 直达七宝校区');

insert into Appointment values('1', '1', 'MXWE1630', 'yzh', '姚子航', 'user', '2018-07-05', 'MinHangToXuHui', '闵行到徐汇', '2018-07-02 18:01:10', '1');
insert into Appointment values('2', '2', 'MXWD1215B', 'wxw', '王鑫伟', 'user', '2018-07-06', 'MinHangToXuHui', '闵行到徐汇', '2018-07-01 04:50:07', '1');
insert into Appointment values('3', '3', 'MXWD1600C', 'ly', '励颖', 'user', '2018-07-03', 'MinHangToXuHui', '闵行到徐汇', '2018-07-01 16:32:10', '1');
insert into Appointment values('4', '4', 'MXWD1410B', 'wyl', '王一林', 'user', '2018-07-06', 'MinHangToXuHui', '闵行到徐汇', '2018-07-02 18:56:01', '1');
insert into Appointment values('5', '5', 'MXWD1600B', 'sbj', '沈备军', 'user', '2018-07-06', 'MinHangToXuHui', '闵行到徐汇', '2018-07-02 11:12:03', '0');
insert into Appointment values('6', '6', 'MXWD1215A', 'rr', '任锐', 'user', '2018-07-03', 'MinHangToXuHui', '闵行到徐汇', '2018-07-01 14:47:45', '1');
insert into Appointment values('7', '7', 'MXHE0730', 'chp', '陈昊鹏', 'user', '2018-07-05', 'MinHangToXuHui', '闵行到徐汇', '2018-07-01 12:43:33', '1');
insert into Appointment values('8', '8', 'MXWD1010B', 'user8', '同睿哲', 'user', '2018-07-06', 'MinHangToXuHui', '闵行到徐汇', '2018-07-02 09:55:16', '1');
insert into Appointment values('9', '9', 'MXWD1700A', 'user9', '曹金坤', 'user', '2018-07-03', 'MinHangToXuHui', '闵行到徐汇', '2018-07-02 08:27:00', '1');
insert into Appointment values('10', '10', 'MXWD1010A', 'user10', '冯二虎', 'user', '2018-07-03', 'MinHangToXuHui', '闵行到徐汇', '2018-07-02 08:41:15', '1');
insert into Appointment values('11', '11', 'MXWD1600A', 'user11', '马轲', 'user', '2018-07-03', 'MinHangToXuHui', '闵行到徐汇', '2018-07-01 11:35:23', '1');
insert into Appointment values('12', '12', 'MXWD1410A', 'user12', '谢添翼', 'user', '2018-07-03', 'MinHangToXuHui', '闵行到徐汇', '2018-07-02 21:48:03', '1');
insert into Appointment values('13', '13', 'MXWE0730', 'user13', '李浩', 'user', '2018-07-03', 'MinHangToXuHui', '闵行到徐汇', '2018-07-01 08:01:00', '1');
insert into Appointment values('14', '14', 'MXHD1215', 'user14', '朱锦昊', 'user', '2018-07-05', 'MinHangToXuHui', '闵行到徐汇', '2018-07-02 15:39:22', '1');
insert into Appointment values('15', '15', 'MXWD1215A', 'user15', '罗宇辰', 'user', '2018-07-03', 'MinHangToXuHui', '闵行到徐汇', '2018-07-02 16:23:33', '1');
insert into Appointment values('16', '16', 'MXHE1630', 'user16', '刘泽宇', 'user', '2018-07-04', 'MinHangToXuHui', '闵行到徐汇', '2018-07-01 13:34:55', '1');
insert into Appointment values('17', '17', 'MXHD1730', 'user17', '宋逸凡', 'user', '2018-07-05', 'MinHangToXuHui', '闵行到徐汇', '2018-07-01 13:47:12', '1');
insert into Appointment values('18', '18', 'MXWE0730', 'user18', '方俊杰', 'user', '2018-07-05', 'MinHangToXuHui', '闵行到徐汇', '2018-07-02 03:20:21', '0');
insert into Appointment values('19', '19', 'MXWD1410B', 'user19', '陈志扬', 'user', '2018-07-03', 'MinHangToXuHui', '闵行到徐汇', '2018-07-01 03:18:06', '1');
insert into Appointment values('20', '20', 'MXWD1215B', 'user20', '徐天强', 'user', '2018-07-03', 'MinHangToXuHui', '闵行到徐汇', '2018-07-01 03:24:29', '1');
insert into Appointment values('21', '21', 'MXWD1700A', 'user21', '应邦豪', 'user', '2018-07-05', 'MinHangToXuHui', '闵行到徐汇', '2018-07-01 21:32:46', '1');
insert into Appointment values('22', '22', 'MXWD1410A', 'user22', '余博识', 'user', '2018-07-05', 'MinHangToXuHui', '闵行到徐汇', '2018-07-02 13:35:17', '1');
insert into Appointment values('23', '23', 'MXWD1010B', 'user23', '吴正雨', 'user', '2018-07-04', 'MinHangToXuHui', '闵行到徐汇', '2018-07-01 05:26:10', '1');
insert into Appointment values('24', '24', 'MXWD1215A', 'user24', '胡雨奇', 'user', '2018-07-03', 'MinHangToXuHui', '闵行到徐汇', '2018-07-02 22:39:14', '1');
insert into Appointment values('25', '25', 'MXHD1730', 'user25', '王梦瑶', 'user', '2018-07-03', 'MinHangToXuHui', '闵行到徐汇', '2018-07-02 03:57:46', '1');
insert into Appointment values('26', '26', 'MXWD1600C', 'user26', '蔡一凡', 'user', '2018-07-04', 'MinHangToXuHui', '闵行到徐汇', '2018-07-01 02:49:32', '1');
insert into Appointment values('27', '27', 'MXWD1010A', 'user27', '张宇航', 'user', '2018-07-04', 'MinHangToXuHui', '闵行到徐汇', '2018-07-01 09:28:26', '1');
insert into Appointment values('28', '28', 'MXHE1630', 'user28', '王见思', 'user', '2018-07-06', 'MinHangToXuHui', '闵行到徐汇', '2018-07-02 14:12:04', '1');
insert into Appointment values('29', '29', 'MXWD1600B', 'user29', '赵樱', 'user', '2018-07-03', 'MinHangToXuHui', '闵行到徐汇', '2018-07-01 19:46:51', '1');
insert into Appointment values('30', '30', 'MXWD1010A', 'user30', '潘子奕', 'user', '2018-07-05', 'MinHangToXuHui', '闵行到徐汇', '2018-07-01 06:52:14', '1');
insert into Appointment values('31', '31', 'MXWD1410B', 'user31', '陈诺', 'user', '2018-07-03', 'MinHangToXuHui', '闵行到徐汇', '2018-07-01 23:03:56', '1');
insert into Appointment values('32', '32', 'MXWD1600A', 'user32', '蔡忠玮', 'user', '2018-07-03', 'MinHangToXuHui', '闵行到徐汇', '2018-07-02 17:33:41', '1');
insert into Appointment values('33', '33', 'MXWD1010B', 'user33', '金瑞洋', 'user', '2018-07-05', 'MinHangToXuHui', '闵行到徐汇', '2018-07-02 18:29:36', '1');
insert into Appointment values('34', '34', 'MXWD1410A', 'user34', '李琥', 'user', '2018-07-05', 'MinHangToXuHui', '闵行到徐汇', '2018-07-02 03:14:50', '1');
insert into Appointment values('35', '35', 'MXWD1600C', 'user35', '李晗东', 'user', '2018-07-06', 'MinHangToXuHui', '闵行到徐汇', '2018-07-02 09:14:51', '1');
insert into Appointment values('36', '36', 'MXWD1215A', 'user36', '原帅', 'user', '2018-07-04', 'MinHangToXuHui', '闵行到徐汇', '2018-07-01 13:34:10', '1');
insert into Appointment values('37', '37', 'MXWD1600C', 'user37', '丁丁', 'user', '2018-07-06', 'MinHangToXuHui', '闵行到徐汇', '2018-07-02 05:29:06', '1');
insert into Appointment values('38', '38', 'MXHD1630B', 'user38', '李东起', 'user', '2018-07-03', 'MinHangToXuHui', '闵行到徐汇', '2018-07-02 12:52:00', '1');
insert into Appointment values('39', '39', 'MXHD1630B', 'user39', '何荣俊', 'user', '2018-07-04', 'MinHangToXuHui', '闵行到徐汇', '2018-07-02 21:10:44', '1');
insert into Appointment values('40', '40', 'MXHD1730', 'user40', '余心如', 'user', '2018-07-03', 'MinHangToXuHui', '闵行到徐汇', '2018-07-01 03:29:48', '1');
insert into Appointment values('41', '41', 'MXWD1600A', 'user41', '胡嘉宏', 'user', '2018-07-05', 'MinHangToXuHui', '闵行到徐汇', '2018-07-02 04:33:10', '1');
insert into Appointment values('42', '42', 'MXWD1010A', 'user42', '黎君', 'user', '2018-07-04', 'MinHangToXuHui', '闵行到徐汇', '2018-07-02 10:03:56', '1');
insert into Appointment values('43', '43', 'MXHE1630', 'user43', '叶东诚', 'user', '2018-07-03', 'MinHangToXuHui', '闵行到徐汇', '2018-07-02 03:43:46', '1');
insert into Appointment values('44', '44', 'MXHD1215', 'user44', '方娄昊', 'user', '2018-07-05', 'MinHangToXuHui', '闵行到徐汇', '2018-07-02 23:00:54', '1');
insert into Appointment values('45', '45', 'MXHD1630C', 'user45', '罗一淏', 'user', '2018-07-03', 'MinHangToXuHui', '闵行到徐汇', '2018-07-01 21:04:45', '1');
insert into Appointment values('46', '46', 'MXWD1600C', 'user46', '黄友奇', 'user', '2018-07-05', 'MinHangToXuHui', '闵行到徐汇', '2018-07-02 03:20:51', '1');
insert into Appointment values('47', '47', 'MXWD1600C', 'user47', '彭博', 'user', '2018-07-05', 'MinHangToXuHui', '闵行到徐汇', '2018-07-02 19:38:39', '1');
insert into Appointment values('48', '48', 'MXWE0730', 'user48', '孙浩然', 'user', '2018-07-04', 'MinHangToXuHui', '闵行到徐汇', '2018-07-02 16:17:33', '1');
insert into Appointment values('49', '49', 'MXWD1600B', 'user49', '李健', 'user', '2018-07-03', 'MinHangToXuHui', '闵行到徐汇', '2018-07-02 15:09:02', '1');
insert into Appointment values('50', '50', 'MXWE1630', 'user50', '戚正伟', 'user', '2018-07-05', 'MinHangToXuHui', '闵行到徐汇', '2018-07-01 18:13:44', '1');
insert into Appointment values('51', '51', 'MXHE1630', 'user51', '张坚鑫', 'user', '2018-07-05', 'MinHangToXuHui', '闵行到徐汇', '2018-07-02 19:11:23', '1');
insert into Appointment values('52', '52', 'MXHD1630A', 'user52', '李国强', 'user', '2018-07-05', 'MinHangToXuHui', '闵行到徐汇', '2018-07-01 15:30:17', '1');
insert into Appointment values('53', '53', 'MXHD1730', 'user53', '姜丽红', 'user', '2018-07-05', 'MinHangToXuHui', '闵行到徐汇', '2018-07-01 15:05:16', '1');
insert into Appointment values('54', '54', 'MXWD1600C', 'user54', '臧斌宇', 'user', '2018-07-06', 'MinHangToXuHui', '闵行到徐汇', '2018-07-01 00:49:40', '0');
insert into Appointment values('55', '55', 'MXHD1730', 'user55', '陈榕', 'user', '2018-07-06', 'MinHangToXuHui', '闵行到徐汇', '2018-07-02 21:05:27', '1');
insert into Appointment values('56', '56', 'MXHD1730', 'user56', '夏虞斌', 'user', '2018-07-05', 'MinHangToXuHui', '闵行到徐汇', '2018-07-01 04:34:48', '1');
insert into Appointment values('57', '57', 'MXHD1730', 'user57', '李子男', 'user', '2018-07-05', 'MinHangToXuHui', '闵行到徐汇', '2018-07-01 19:01:39', '1');
insert into Appointment values('58', '58', 'MXWD1010B', 'user58', '洪臻', 'user', '2018-07-06', 'MinHangToXuHui', '闵行到徐汇', '2018-07-01 20:40:08', '1');
insert into Appointment values('59', '59', 'MXWD1700A', 'user59', '赵子铭', 'user', '2018-07-06', 'MinHangToXuHui', '闵行到徐汇', '2018-07-02 23:01:37', '1');
insert into Appointment values('60', '60', 'MXWE0730', 'user60', '余倩倩', 'user', '2018-07-04', 'MinHangToXuHui', '闵行到徐汇', '2018-07-01 05:49:43', '1');
insert into Appointment values('61', '61', 'MXHE0730', 'user61', '王心然', 'user', '2018-07-06', 'MinHangToXuHui', '闵行到徐汇', '2018-07-01 10:08:56', '1');
insert into Appointment values('62', '62', 'MXWD1215C', 'user62', 'Jason', 'user', '2018-07-05', 'MinHangToXuHui', '闵行到徐汇', '2018-07-01 09:19:21', '1');
insert into Appointment values('63', '1', 'MXWD1410B', 'yzh', '姚子航', 'user', '2018-07-06', 'MinHangToXuHui', '闵行到徐汇', '2018-07-02 19:58:16', '1');
insert into Appointment values('64', '2', 'MXWD1600B', 'wxw', '王鑫伟', 'user', '2018-07-05', 'MinHangToXuHui', '闵行到徐汇', '2018-07-01 08:07:33', '1');
insert into Appointment values('65', '3', 'MXWD1010B', 'ly', '励颖', 'user', '2018-07-04', 'MinHangToXuHui', '闵行到徐汇', '2018-07-02 08:51:24', '1');
insert into Appointment values('66', '4', 'MXWD1600A', 'wyl', '王一林', 'user', '2018-07-04', 'MinHangToXuHui', '闵行到徐汇', '2018-07-01 14:44:02', '1');
insert into Appointment values('67', '5', 'MXHE1630', 'sbj', '沈备军', 'user', '2018-07-03', 'MinHangToXuHui', '闵行到徐汇', '2018-07-01 10:43:41', '1');
insert into Appointment values('68', '6', 'MXHE1630', 'rr', '任锐', 'user', '2018-07-06', 'MinHangToXuHui', '闵行到徐汇', '2018-07-01 07:58:09', '1');
insert into Appointment values('69', '7', 'MXWD1600C', 'chp', '陈昊鹏', 'user', '2018-07-03', 'MinHangToXuHui', '闵行到徐汇', '2018-07-02 13:09:27', '1');
insert into Appointment values('70', '8', 'MXWD1010B', 'user8', '同睿哲', 'user', '2018-07-04', 'MinHangToXuHui', '闵行到徐汇', '2018-07-01 18:24:24', '1');
insert into Appointment values('71', '9', 'MXHD1630C', 'user9', '曹金坤', 'user', '2018-07-03', 'MinHangToXuHui', '闵行到徐汇', '2018-07-01 15:48:21', '1');
insert into Appointment values('72', '10', 'XMWE1730', 'user10', '冯二虎', 'user', '2018-07-04', 'XuHuiToMinHang', '徐汇到闵行', '2018-07-02 11:57:20', '1');
insert into Appointment values('73', '11', 'MXHD1630A', 'user11', '马轲', 'user', '2018-07-04', 'MinHangToXuHui', '闵行到徐汇', '2018-07-01 15:27:29', '1');
insert into Appointment values('74', '12', 'MXHE1630', 'user12', '谢添翼', 'user', '2018-07-06', 'MinHangToXuHui', '闵行到徐汇', '2018-07-02 14:30:57', '1');
insert into Appointment values('75', '13', 'MXHD1630C', 'user13', '李浩', 'user', '2018-07-05', 'MinHangToXuHui', '闵行到徐汇', '2018-07-02 13:04:54', '1');
insert into Appointment values('76', '14', 'MXHD1630C', 'user14', '朱锦昊', 'user', '2018-07-05', 'MinHangToXuHui', '闵行到徐汇', '2018-07-01 13:47:11', '1');
insert into Appointment values('77', '15', 'MXWD1010A', 'user15', '罗宇辰', 'user', '2018-07-05', 'MinHangToXuHui', '闵行到徐汇', '2018-07-02 12:13:27', '1');
insert into Appointment values('78', '16', 'MXWD1600C', 'user16', '刘泽宇', 'user', '2018-07-06', 'MinHangToXuHui', '闵行到徐汇', '2018-07-01 02:38:32', '1');
insert into Appointment values('79', '17', 'MXWD1700A', 'user17', '宋逸凡', 'user', '2018-07-05', 'MinHangToXuHui', '闵行到徐汇', '2018-07-02 13:55:22', '1');
insert into Appointment values('80', '18', 'MXWD1215C', 'user18', '方俊杰', 'user', '2018-07-04', 'MinHangToXuHui', '闵行到徐汇', '2018-07-02 14:51:05', '1');
insert into Appointment values('81', '19', 'MXHD1730', 'user19', '陈志扬', 'user', '2018-07-06', 'MinHangToXuHui', '闵行到徐汇', '2018-07-02 17:21:25', '1');
insert into Appointment values('82', '20', 'MXHD1630C', 'user20', '徐天强', 'user', '2018-07-04', 'MinHangToXuHui', '闵行到徐汇', '2018-07-01 02:09:25', '1');
insert into Appointment values('83', '21', 'MXHD1630B', 'user21', '应邦豪', 'user', '2018-07-05', 'MinHangToXuHui', '闵行到徐汇', '2018-07-02 16:03:11', '1');
insert into Appointment values('84', '22', 'MXHE1630', 'user22', '余博识', 'user', '2018-07-03', 'MinHangToXuHui', '闵行到徐汇', '2018-07-02 08:35:50', '1');
insert into Appointment values('85', '23', 'XMWE1730', 'user23', '吴正雨', 'user', '2018-07-04', 'XuHuiToMinHang', '徐汇到闵行', '2018-07-02 22:32:54', '1');
insert into Appointment values('86', '24', 'MXHE1630', 'user24', '胡雨奇', 'user', '2018-07-03', 'MinHangToXuHui', '闵行到徐汇', '2018-07-01 22:16:41', '1');
insert into Appointment values('87', '25', 'MXWE0730', 'user25', '王梦瑶', 'user', '2018-07-03', 'MinHangToXuHui', '闵行到徐汇', '2018-07-01 01:17:28', '1');
insert into Appointment values('88', '26', 'MXWD1410A', 'user26', '蔡一凡', 'user', '2018-07-04', 'MinHangToXuHui', '闵行到徐汇', '2018-07-02 04:59:00', '1');
insert into Appointment values('89', '27', 'MXWD1215A', 'user27', '张宇航', 'user', '2018-07-05', 'MinHangToXuHui', '闵行到徐汇', '2018-07-01 15:47:08', '1');
insert into Appointment values('90', '28', 'MXWD1700A', 'user28', '王见思', 'user', '2018-07-06', 'MinHangToXuHui', '闵行到徐汇', '2018-07-01 00:15:19', '1');
insert into Appointment values('91', '29', 'MXWD1410B', 'user29', '赵樱', 'user', '2018-07-03', 'MinHangToXuHui', '闵行到徐汇', '2018-07-01 07:41:45', '1');
insert into Appointment values('92', '30', 'MXWD1010A', 'user30', '潘子奕', 'user', '2018-07-03', 'MinHangToXuHui', '闵行到徐汇', '2018-07-02 21:50:27', '1');
insert into Appointment values('93', '31', 'MXHE1630', 'user31', '陈诺', 'user', '2018-07-03', 'MinHangToXuHui', '闵行到徐汇', '2018-07-01 13:12:51', '1');
insert into Appointment values('94', '32', 'MXWD1215B', 'user32', '蔡忠玮', 'user', '2018-07-03', 'MinHangToXuHui', '闵行到徐汇', '2018-07-02 17:07:14', '1');
insert into Appointment values('95', '33', 'MXWD1600C', 'user33', '金瑞洋', 'user', '2018-07-03', 'MinHangToXuHui', '闵行到徐汇', '2018-07-02 20:05:10', '1');
insert into Appointment values('96', '34', 'MXWD1010B', 'user34', '李琥', 'user', '2018-07-03', 'MinHangToXuHui', '闵行到徐汇', '2018-07-02 04:01:59', '1');
insert into Appointment values('97', '35', 'MXWD1600A', 'user35', '李晗东', 'user', '2018-07-05', 'MinHangToXuHui', '闵行到徐汇', '2018-07-01 07:07:03', '1');
insert into Appointment values('98', '36', 'MXHD1630C', 'user36', '原帅', 'user', '2018-07-05', 'MinHangToXuHui', '闵行到徐汇', '2018-07-02 12:28:38', '1');
insert into Appointment values('99', '37', 'MXWD1600B', 'user37', '丁丁', 'user', '2018-07-06', 'MinHangToXuHui', '闵行到徐汇', '2018-07-01 03:34:49', '1');
insert into Appointment values('100', '38', 'MXWD1410A', 'user38', '李东起', 'user', '2018-07-05', 'MinHangToXuHui', '闵行到徐汇', '2018-07-01 11:58:38', '1');
insert into Appointment values('101', '39', 'MXWE1630', 'user39', '何荣俊', 'user', '2018-07-05', 'MinHangToXuHui', '闵行到徐汇', '2018-07-02 22:28:21', '1');
insert into Appointment values('102', '40', 'MXWE0730', 'user40', '余心如', 'user', '2018-07-03', 'MinHangToXuHui', '闵行到徐汇', '2018-07-02 18:57:49', '1');
insert into Appointment values('103', '41', 'MXWD1215C', 'user41', '胡嘉宏', 'user', '2018-07-04', 'MinHangToXuHui', '闵行到徐汇', '2018-07-01 15:02:27', '1');
insert into Appointment values('104', '42', 'MXHD1730', 'user42', '黎君', 'user', '2018-07-05', 'MinHangToXuHui', '闵行到徐汇', '2018-07-01 19:14:17', '1');
insert into Appointment values('105', '43', 'MXHE1630', 'user43', '叶东诚', 'user', '2018-07-06', 'MinHangToXuHui', '闵行到徐汇', '2018-07-01 07:31:52', '1');
insert into Appointment values('106', '44', 'MXHD1630A', 'user44', '方娄昊', 'user', '2018-07-05', 'MinHangToXuHui', '闵行到徐汇', '2018-07-02 22:04:08', '1');
insert into Appointment values('107', '45', 'MXWD1010A', 'user45', '罗一淏', 'user', '2018-07-04', 'MinHangToXuHui', '闵行到徐汇', '2018-07-01 04:03:42', '1');
insert into Appointment values('108', '46', 'MXHD1630B', 'user46', '黄友奇', 'user', '2018-07-06', 'MinHangToXuHui', '闵行到徐汇', '2018-07-01 11:13:24', '1');
insert into Appointment values('109', '47', 'MXWD1215A', 'user47', '彭博', 'user', '2018-07-06', 'MinHangToXuHui', '闵行到徐汇', '2018-07-02 02:30:32', '1');
insert into Appointment values('110', '48', 'MXWD1010B', 'user48', '孙浩然', 'user', '2018-07-03', 'MinHangToXuHui', '闵行到徐汇', '2018-07-01 07:14:31', '1');
insert into Appointment values('111', '49', 'MXHD1630C', 'user49', '李健', 'user', '2018-07-05', 'MinHangToXuHui', '闵行到徐汇', '2018-07-02 12:02:25', '1');
insert into Appointment values('112', '50', 'MXWD1215B', 'user50', '戚正伟', 'user', '2018-07-06', 'MinHangToXuHui', '闵行到徐汇', '2018-07-02 08:13:24', '1');
insert into Appointment values('113', '51', 'MXWD1410B', 'user51', '张坚鑫', 'user', '2018-07-04', 'MinHangToXuHui', '闵行到徐汇', '2018-07-01 07:51:14', '1');
insert into Appointment values('114', '52', 'MXWE0730', 'user52', '李国强', 'user', '2018-07-04', 'MinHangToXuHui', '闵行到徐汇', '2018-07-02 07:25:24', '1');
insert into Appointment values('115', '53', 'MXWD1600B', 'user53', '姜丽红', 'user', '2018-07-03', 'MinHangToXuHui', '闵行到徐汇', '2018-07-02 20:58:50', '1');
insert into Appointment values('116', '54', 'MXWE1630', 'user54', '臧斌宇', 'user', '2018-07-05', 'MinHangToXuHui', '闵行到徐汇', '2018-07-02 23:37:39', '1');
insert into Appointment values('117', '55', 'MXHE1630', 'user55', '陈榕', 'user', '2018-07-05', 'MinHangToXuHui', '闵行到徐汇', '2018-07-01 11:02:12', '1');
insert into Appointment values('118', '56', 'MXWD1215C', 'user56', '夏虞斌', 'user', '2018-07-04', 'MinHangToXuHui', '闵行到徐汇', '2018-07-01 11:16:54', '1');
insert into Appointment values('119', '57', 'MXHD1215', 'user57', '李子男', 'user', '2018-07-06', 'MinHangToXuHui', '闵行到徐汇', '2018-07-02 17:24:25', '1');
insert into Appointment values('120', '58', 'MXHD1215', 'user58', '洪臻', 'user', '2018-07-06', 'MinHangToXuHui', '闵行到徐汇', '2018-07-02 05:01:32', '1');
insert into Appointment values('121', '59', 'MXWD1215A', 'user59', '赵子铭', 'user', '2018-07-05', 'MinHangToXuHui', '闵行到徐汇', '2018-07-01 11:49:23', '1');
insert into Appointment values('122', '60', 'MXWD1010A', 'user60', '余倩倩', 'user', '2018-07-05', 'MinHangToXuHui', '闵行到徐汇', '2018-07-01 02:43:48', '1');
insert into Appointment values('123', '61', 'MXWD1410A', 'user61', '王心然', 'user', '2018-07-05', 'MinHangToXuHui', '闵行到徐汇', '2018-07-02 02:18:20', '1');
insert into Appointment values('124', '62', 'MXHE0730', 'user62', 'Jason', 'user', '2018-07-03', 'MinHangToXuHui', '闵行到徐汇', '2018-07-02 15:10:34', '1');
insert into Appointment values('125', '1', 'MXWD1410B', 'yzh', '姚子航', 'user', '2018-07-05', 'MinHangToXuHui', '闵行到徐汇', '2018-07-01 15:09:49', '0');
insert into Appointment values('126', '2', 'MXHD1630B', 'wxw', '王鑫伟', 'user', '2018-07-06', 'MinHangToXuHui', '闵行到徐汇', '2018-07-02 22:14:06', '1');
insert into Appointment values('127', '3', 'MXWD1700A', 'ly', '励颖', 'user', '2018-07-05', 'MinHangToXuHui', '闵行到徐汇', '2018-07-01 10:49:54', '1');
insert into Appointment values('128', '4', 'MXHD1730', 'wyl', '王一林', 'user', '2018-07-05', 'MinHangToXuHui', '闵行到徐汇', '2018-07-02 09:39:28', '1');
insert into Appointment values('129', '5', 'MXWD1600A', 'sbj', '沈备军', 'user', '2018-07-06', 'MinHangToXuHui', '闵行到徐汇', '2018-07-02 15:52:03', '1');
insert into Appointment values('130', '6', 'MXWD1215B', 'rr', '任锐', 'user', '2018-07-03', 'MinHangToXuHui', '闵行到徐汇', '2018-07-02 07:31:43', '1');
insert into Appointment values('131', '7', 'MXWD1010B', 'chp', '陈昊鹏', 'user', '2018-07-03', 'MinHangToXuHui', '闵行到徐汇', '2018-07-02 11:53:31', '1');
insert into Appointment values('132', '8', 'MXHD1630C', 'user8', '同睿哲', 'user', '2018-07-03', 'MinHangToXuHui', '闵行到徐汇', '2018-07-02 10:46:29', '1');
insert into Appointment values('133', '9', 'MXWD1010A', 'user9', '曹金坤', 'user', '2018-07-06', 'MinHangToXuHui', '闵行到徐汇', '2018-07-01 14:27:25', '1');
insert into Appointment values('134', '10', 'MXHE1630', 'user10', '冯二虎', 'user', '2018-07-05', 'MinHangToXuHui', '闵行到徐汇', '2018-07-02 09:47:09', '1');
insert into Appointment values('135', '11', 'MXWD1010B', 'user11', '马轲', 'user', '2018-07-05', 'MinHangToXuHui', '闵行到徐汇', '2018-07-02 18:19:15', '1');
insert into Appointment values('136', '12', 'MXHD1630A', 'user12', '谢添翼', 'user', '2018-07-03', 'MinHangToXuHui', '闵行到徐汇', '2018-07-02 17:06:27', '1');
insert into Appointment values('137', '13', 'MXWD1010B', 'user13', '李浩', 'user', '2018-07-03', 'MinHangToXuHui', '闵行到徐汇', '2018-07-02 00:17:04', '1');
insert into Appointment values('138', '14', 'MXWD1410A', 'user14', '朱锦昊', 'user', '2018-07-05', 'MinHangToXuHui', '闵行到徐汇', '2018-07-02 13:35:09', '1');
insert into Appointment values('139', '15', 'MXHD1630B', 'user15', '罗宇辰', 'user', '2018-07-06', 'MinHangToXuHui', '闵行到徐汇', '2018-07-02 18:51:36', '1');
insert into Appointment values('140', '16', 'MXWD1410B', 'user16', '刘泽宇', 'user', '2018-07-03', 'MinHangToXuHui', '闵行到徐汇', '2018-07-02 08:56:22', '1');
insert into Appointment values('141', '17', 'MXWD1600C', 'user17', '宋逸凡', 'user', '2018-07-06', 'MinHangToXuHui', '闵行到徐汇', '2018-07-02 08:12:40', '1');
insert into Appointment values('142', '18', 'MXWD1215C', 'user18', '方俊杰', 'user', '2018-07-03', 'MinHangToXuHui', '闵行到徐汇', '2018-07-02 10:07:21', '1');
insert into Appointment values('143', '19', 'MXWD1010A', 'user19', '陈志扬', 'user', '2018-07-04', 'MinHangToXuHui', '闵行到徐汇', '2018-07-02 05:39:33', '1');
insert into Appointment values('144', '20', 'MXHD1630C', 'user20', '徐天强', 'user', '2018-07-05', 'MinHangToXuHui', '闵行到徐汇', '2018-07-01 04:26:01', '1');
insert into Appointment values('145', '21', 'MXHE1630', 'user21', '应邦豪', 'user', '2018-07-05', 'MinHangToXuHui', '闵行到徐汇', '2018-07-02 13:45:00', '1');
insert into Appointment values('146', '22', 'MXWE0730', 'user22', '余博识', 'user', '2018-07-06', 'MinHangToXuHui', '闵行到徐汇', '2018-07-01 10:06:22', '1');
insert into Appointment values('147', '23', 'MXWD1410A', 'user23', '吴正雨', 'user', '2018-07-05', 'MinHangToXuHui', '闵行到徐汇', '2018-07-02 02:32:20', '1');
insert into Appointment values('148', '24', 'MXWD1215B', 'user24', '胡雨奇', 'user', '2018-07-04', 'MinHangToXuHui', '闵行到徐汇', '2018-07-01 10:20:16', '1');
insert into Appointment values('149', '25', 'MXHD1730', 'user25', '王梦瑶', 'user', '2018-07-06', 'MinHangToXuHui', '闵行到徐汇', '2018-07-02 18:02:28', '1');
insert into Appointment values('150', '26', 'MXHE1630', 'user26', '蔡一凡', 'user', '2018-07-03', 'MinHangToXuHui', '闵行到徐汇', '2018-07-01 14:01:03', '1');
insert into Appointment values('151', '27', 'MXWD1215A', 'user27', '张宇航', 'user', '2018-07-05', 'MinHangToXuHui', '闵行到徐汇', '2018-07-02 04:44:51', '1');
insert into Appointment values('152', '28', 'MXWD1410B', 'user28', '王见思', 'user', '2018-07-03', 'MinHangToXuHui', '闵行到徐汇', '2018-07-02 12:41:22', '1');
insert into Appointment values('153', '29', 'MXHD1630B', 'user29', '赵樱', 'user', '2018-07-03', 'MinHangToXuHui', '闵行到徐汇', '2018-07-01 19:51:41', '1');
insert into Appointment values('154', '30', 'MXHD1630A', 'user30', '潘子奕', 'user', '2018-07-05', 'MinHangToXuHui', '闵行到徐汇', '2018-07-01 14:53:45', '1');
insert into Appointment values('155', '31', 'MXWE1630', 'user31', '陈诺', 'user', '2018-07-06', 'MinHangToXuHui', '闵行到徐汇', '2018-07-02 19:28:02', '1');
insert into Appointment values('156', '32', 'XMWE1730', 'user32', '蔡忠玮', 'user', '2018-07-06', 'XuHuiToMinHang', '徐汇到闵行', '2018-07-01 03:20:44', '1');
insert into Appointment values('157', '33', 'MXHD1630B', 'user33', '金瑞洋', 'user', '2018-07-03', 'MinHangToXuHui', '闵行到徐汇', '2018-07-02 21:46:44', '1');
insert into Appointment values('158', '34', 'MXWE1630', 'user34', '李琥', 'user', '2018-07-04', 'MinHangToXuHui', '闵行到徐汇', '2018-07-02 13:48:00', '1');
insert into Appointment values('159', '35', 'MXHE0730', 'user35', '李晗东', 'user', '2018-07-06', 'MinHangToXuHui', '闵行到徐汇', '2018-07-02 12:21:03', '1');
insert into Appointment values('160', '36', 'MXWD1215A', 'user36', '原帅', 'user', '2018-07-03', 'MinHangToXuHui', '闵行到徐汇', '2018-07-01 11:04:32', '1');
insert into Appointment values('161', '37', 'MXHD1215', 'user37', '丁丁', 'user', '2018-07-04', 'MinHangToXuHui', '闵行到徐汇', '2018-07-01 23:51:01', '0');
insert into Appointment values('162', '38', 'MXHD1630C', 'user38', '李东起', 'user', '2018-07-04', 'MinHangToXuHui', '闵行到徐汇', '2018-07-02 07:48:52', '1');
insert into Appointment values('163', '39', 'MXWD1010B', 'user39', '何荣俊', 'user', '2018-07-05', 'MinHangToXuHui', '闵行到徐汇', '2018-07-02 21:09:33', '1');
insert into Appointment values('164', '40', 'MXWD1600C', 'user40', '余心如', 'user', '2018-07-03', 'MinHangToXuHui', '闵行到徐汇', '2018-07-02 08:01:40', '1');
insert into Appointment values('165', '41', 'MXHE1630', 'user41', '胡嘉宏', 'user', '2018-07-05', 'MinHangToXuHui', '闵行到徐汇', '2018-07-02 08:46:43', '1');
insert into Appointment values('166', '42', 'MXWD1700A', 'user42', '黎君', 'user', '2018-07-06', 'MinHangToXuHui', '闵行到徐汇', '2018-07-02 13:49:41', '1');
insert into Appointment values('167', '43', 'MXHD1730', 'user43', '叶东诚', 'user', '2018-07-03', 'MinHangToXuHui', '闵行到徐汇', '2018-07-01 09:43:06', '1');
insert into Appointment values('168', '44', 'MXWD1600A', 'user44', '方娄昊', 'user', '2018-07-06', 'MinHangToXuHui', '闵行到徐汇', '2018-07-01 13:24:26', '1');
insert into Appointment values('169', '45', 'MXHD1630A', 'user45', '罗一淏', 'user', '2018-07-04', 'MinHangToXuHui', '闵行到徐汇', '2018-07-02 09:36:50', '1');
insert into Appointment values('170', '46', 'MXWE0730', 'user46', '黄友奇', 'user', '2018-07-03', 'MinHangToXuHui', '闵行到徐汇', '2018-07-02 22:36:48', '1');
insert into Appointment values('171', '47', 'MXWE1630', 'user47', '彭博', 'user', '2018-07-04', 'MinHangToXuHui', '闵行到徐汇', '2018-07-02 02:45:53', '1');
insert into Appointment values('172', '48', 'MXWD1215A', 'user48', '孙浩然', 'user', '2018-07-06', 'MinHangToXuHui', '闵行到徐汇', '2018-07-01 12:32:03', '1');
insert into Appointment values('173', '49', 'MXWE1630', 'user49', '李健', 'user', '2018-07-05', 'MinHangToXuHui', '闵行到徐汇', '2018-07-02 04:48:29', '1');
insert into Appointment values('174', '50', 'MXWD1410A', 'user50', '戚正伟', 'user', '2018-07-03', 'MinHangToXuHui', '闵行到徐汇', '2018-07-01 23:13:29', '1');
insert into Appointment values('175', '51', 'MXWD1010B', 'user51', '张坚鑫', 'user', '2018-07-06', 'MinHangToXuHui', '闵行到徐汇', '2018-07-01 03:20:45', '1');
insert into Appointment values('176', '52', 'MXHE1630', 'user52', '李国强', 'user', '2018-07-04', 'MinHangToXuHui', '闵行到徐汇', '2018-07-02 14:50:20', '1');
insert into Appointment values('177', '53', 'MXHD1630A', 'user53', '姜丽红', 'user', '2018-07-03', 'MinHangToXuHui', '闵行到徐汇', '2018-07-01 06:20:22', '1');
insert into Appointment values('178', '54', 'MXWD1700A', 'user54', '臧斌宇', 'user', '2018-07-04', 'MinHangToXuHui', '闵行到徐汇', '2018-07-02 17:23:16', '1');
insert into Appointment values('179', '55', 'MXWD1010A', 'user55', '陈榕', 'user', '2018-07-04', 'MinHangToXuHui', '闵行到徐汇', '2018-07-02 12:07:01', '1');
insert into Appointment values('180', '56', 'MXWE1630', 'user56', '夏虞斌', 'user', '2018-07-05', 'MinHangToXuHui', '闵行到徐汇', '2018-07-02 19:57:02', '1');
insert into Appointment values('181', '57', 'MXHD1630C', 'user57', '李子男', 'user', '2018-07-05', 'MinHangToXuHui', '闵行到徐汇', '2018-07-02 12:47:47', '1');
insert into Appointment values('182', '58', 'MXWE0730', 'user58', '洪臻', 'user', '2018-07-06', 'MinHangToXuHui', '闵行到徐汇', '2018-07-02 22:47:59', '1');
insert into Appointment values('183', '59', 'MXHD1630B', 'user59', '赵子铭', 'user', '2018-07-03', 'MinHangToXuHui', '闵行到徐汇', '2018-07-02 08:29:25', '1');
insert into Appointment values('184', '60', 'MXWD1215A', 'user60', '余倩倩', 'user', '2018-07-03', 'MinHangToXuHui', '闵行到徐汇', '2018-07-02 12:04:01', '1');
insert into Appointment values('185', '61', 'MXHE1630', 'user61', '王心然', 'user', '2018-07-05', 'MinHangToXuHui', '闵行到徐汇', '2018-07-01 09:31:49', '1');
insert into Appointment values('186', '62', 'MXWD1010A', 'user62', 'Jason', 'user', '2018-07-06', 'MinHangToXuHui', '闵行到徐汇', '2018-07-01 19:29:07', '1');
insert into Appointment values('187', '1', 'MXWD1600B', 'yzh', '姚子航', 'user', '2018-07-05', 'MinHangToXuHui', '闵行到徐汇', '2018-07-02 08:24:10', '1');
insert into Appointment values('188', '2', 'MXWE1630', 'wxw', '王鑫伟', 'user', '2018-07-04', 'MinHangToXuHui', '闵行到徐汇', '2018-07-02 08:45:11', '1');
insert into Appointment values('189', '3', 'MXWE1630', 'ly', '励颖', 'user', '2018-07-04', 'MinHangToXuHui', '闵行到徐汇', '2018-07-01 02:07:23', '1');
insert into Appointment values('190', '4', 'MXWD1215A', 'wyl', '王一林', 'user', '2018-07-03', 'MinHangToXuHui', '闵行到徐汇', '2018-07-02 23:19:32', '1');
insert into Appointment values('191', '5', 'MXWD1010B', 'sbj', '沈备军', 'user', '2018-07-03', 'MinHangToXuHui', '闵行到徐汇', '2018-07-02 14:10:05', '1');
insert into Appointment values('192', '6', 'MXWE0730', 'rr', '任锐', 'user', '2018-07-03', 'MinHangToXuHui', '闵行到徐汇', '2018-07-01 21:35:48', '1');
insert into Appointment values('193', '7', 'MXHD1630C', 'chp', '陈昊鹏', 'user', '2018-07-04', 'MinHangToXuHui', '闵行到徐汇', '2018-07-02 23:51:13', '1');
insert into Appointment values('194', '8', 'MXHE1630', 'user8', '同睿哲', 'user', '2018-07-06', 'MinHangToXuHui', '闵行到徐汇', '2018-07-02 21:43:48', '1');
insert into Appointment values('195', '9', 'MXWD1410A', 'user9', '曹金坤', 'user', '2018-07-04', 'MinHangToXuHui', '闵行到徐汇', '2018-07-01 05:43:32', '1');
insert into Appointment values('196', '10', 'MXWD1600A', 'user10', '冯二虎', 'user', '2018-07-04', 'MinHangToXuHui', '闵行到徐汇', '2018-07-01 04:40:56', '1');
insert into Appointment values('197', '11', 'MXWE0730', 'user11', '马轲', 'user', '2018-07-04', 'MinHangToXuHui', '闵行到徐汇', '2018-07-02 09:27:13', '1');
insert into Appointment values('198', '12', 'MXWD1700A', 'user12', '谢添翼', 'user', '2018-07-06', 'MinHangToXuHui', '闵行到徐汇', '2018-07-02 09:40:21', '1');
insert into Appointment values('199', '13', 'MXWD1600B', 'user13', '李浩', 'user', '2018-07-06', 'MinHangToXuHui', '闵行到徐汇', '2018-07-01 20:20:09', '1');
insert into Appointment values('200', '14', 'MXWD1600B', 'user14', '朱锦昊', 'user', '2018-07-05', 'MinHangToXuHui', '闵行到徐汇', '2018-07-02 08:43:04', '1');
insert into Appointment values('201', '15', 'MXWD1010A', 'user15', '罗宇辰', 'user', '2018-07-05', 'MinHangToXuHui', '闵行到徐汇', '2018-07-01 20:57:12', '1');
insert into Appointment values('202', '16', 'MXWE0730', 'user16', '刘泽宇', 'user', '2018-07-04', 'MinHangToXuHui', '闵行到徐汇', '2018-07-02 06:02:03', '1');
insert into Appointment values('203', '17', 'MXWE1630', 'user17', '宋逸凡', 'user', '2018-07-04', 'MinHangToXuHui', '闵行到徐汇', '2018-07-02 17:29:10', '1');
insert into Appointment values('204', '18', 'MXHD1730', 'user18', '方俊杰', 'user', '2018-07-05', 'MinHangToXuHui', '闵行到徐汇', '2018-07-02 19:49:50', '1');
insert into Appointment values('205', '19', 'MXWD1215B', 'user19', '陈志扬', 'user', '2018-07-03', 'MinHangToXuHui', '闵行到徐汇', '2018-07-01 18:41:08', '1');
insert into Appointment values('206', '20', 'MXHE1630', 'user20', '徐天强', 'user', '2018-07-05', 'MinHangToXuHui', '闵行到徐汇', '2018-07-02 02:11:01', '1');
insert into Appointment values('207', '21', 'MXWE0730', 'user21', '应邦豪', 'user', '2018-07-04', 'MinHangToXuHui', '闵行到徐汇', '2018-07-01 02:54:39', '1');
insert into Appointment values('208', '22', 'MXHD1630A', 'user22', '余博识', 'user', '2018-07-04', 'MinHangToXuHui', '闵行到徐汇', '2018-07-01 11:21:10', '1');
insert into Appointment values('209', '23', 'MXWD1600B', 'user23', '吴正雨', 'user', '2018-07-05', 'MinHangToXuHui', '闵行到徐汇', '2018-07-01 12:02:44', '1');
insert into Appointment values('210', '24', 'MXWD1010B', 'user24', '胡雨奇', 'user', '2018-07-03', 'MinHangToXuHui', '闵行到徐汇', '2018-07-01 19:56:57', '1');
insert into Appointment values('211', '25', 'MXWD1410A', 'user25', '王梦瑶', 'user', '2018-07-04', 'MinHangToXuHui', '闵行到徐汇', '2018-07-02 21:38:29', '1');
insert into Appointment values('212', '26', 'MXWD1010B', 'user26', '蔡一凡', 'user', '2018-07-04', 'MinHangToXuHui', '闵行到徐汇', '2018-07-02 08:47:27', '1');
insert into Appointment values('213', '27', 'MXHD1730', 'user27', '张宇航', 'user', '2018-07-03', 'MinHangToXuHui', '闵行到徐汇', '2018-07-01 14:07:05', '1');
insert into Appointment values('214', '28', 'MXWE0730', 'user28', '王见思', 'user', '2018-07-05', 'MinHangToXuHui', '闵行到徐汇', '2018-07-01 06:52:05', '1');
insert into Appointment values('215', '29', 'MXWE1630', 'user29', '赵樱', 'user', '2018-07-04', 'MinHangToXuHui', '闵行到徐汇', '2018-07-02 14:30:00', '1');
insert into Appointment values('216', '30', 'MXWD1700A', 'user30', '潘子奕', 'user', '2018-07-04', 'MinHangToXuHui', '闵行到徐汇', '2018-07-02 13:47:02', '1');
insert into Appointment values('217', '31', 'MXHE0730', 'user31', '陈诺', 'user', '2018-07-03', 'MinHangToXuHui', '闵行到徐汇', '2018-07-02 09:57:55', '1');
insert into Appointment values('218', '32', 'MXWE1630', 'user32', '蔡忠玮', 'user', '2018-07-03', 'MinHangToXuHui', '闵行到徐汇', '2018-07-02 08:19:57', '1');
insert into Appointment values('219', '33', 'MXHD1630C', 'user33', '金瑞洋', 'user', '2018-07-06', 'MinHangToXuHui', '闵行到徐汇', '2018-07-02 14:58:32', '1');
insert into Appointment values('220', '34', 'MXHD1215', 'user34', '李琥', 'user', '2018-07-05', 'MinHangToXuHui', '闵行到徐汇', '2018-07-02 18:48:23', '1');
insert into Appointment values('221', '35', 'MXHE1630', 'user35', '李晗东', 'user', '2018-07-06', 'MinHangToXuHui', '闵行到徐汇', '2018-07-02 00:50:43', '1');
insert into Appointment values('222', '36', 'MXWD1010A', 'user36', '原帅', 'user', '2018-07-04', 'MinHangToXuHui', '闵行到徐汇', '2018-07-02 15:15:40', '1');
insert into Appointment values('223', '37', 'MXHD1630A', 'user37', '丁丁', 'user', '2018-07-04', 'MinHangToXuHui', '闵行到徐汇', '2018-07-01 00:58:36', '1');
insert into Appointment values('224', '38', 'MXWD1600B', 'user38', '李东起', 'user', '2018-07-06', 'MinHangToXuHui', '闵行到徐汇', '2018-07-02 23:26:07', '1');
insert into Appointment values('225', '39', 'MXWE0730', 'user39', '何荣俊', 'user', '2018-07-06', 'MinHangToXuHui', '闵行到徐汇', '2018-07-02 02:19:29', '1');
insert into Appointment values('226', '40', 'MXWE0730', 'user40', '余心如', 'user', '2018-07-03', 'MinHangToXuHui', '闵行到徐汇', '2018-07-02 19:05:07', '1');
insert into Appointment values('227', '41', 'MXWD1010B', 'user41', '胡嘉宏', 'user', '2018-07-03', 'MinHangToXuHui', '闵行到徐汇', '2018-07-01 12:24:44', '1');
insert into Appointment values('228', '42', 'MXHE1630', 'user42', '黎君', 'user', '2018-07-06', 'MinHangToXuHui', '闵行到徐汇', '2018-07-02 06:26:13', '1');
insert into Appointment values('229', '43', 'MXWE0730', 'user43', '叶东诚', 'user', '2018-07-04', 'MinHangToXuHui', '闵行到徐汇', '2018-07-01 17:53:46', '0');
insert into Appointment values('230', '44', 'MXWE1630', 'user44', '方娄昊', 'user', '2018-07-03', 'MinHangToXuHui', '闵行到徐汇', '2018-07-01 19:25:37', '1');
insert into Appointment values('231', '45', 'MXHD1730', 'user45', '罗一淏', 'user', '2018-07-03', 'MinHangToXuHui', '闵行到徐汇', '2018-07-01 09:22:02', '1');
insert into Appointment values('232', '46', 'MXWD1215A', 'user46', '黄友奇', 'user', '2018-07-05', 'MinHangToXuHui', '闵行到徐汇', '2018-07-01 03:26:30', '1');
insert into Appointment values('233', '47', 'MXWD1410B', 'user47', '彭博', 'user', '2018-07-03', 'MinHangToXuHui', '闵行到徐汇', '2018-07-01 00:11:13', '1');
insert into Appointment values('234', '48', 'MXWD1010B', 'user48', '孙浩然', 'user', '2018-07-04', 'MinHangToXuHui', '闵行到徐汇', '2018-07-01 17:36:33', '1');
insert into Appointment values('235', '49', 'MXWE0730', 'user49', '李健', 'user', '2018-07-05', 'MinHangToXuHui', '闵行到徐汇', '2018-07-01 09:07:25', '1');
insert into Appointment values('236', '50', 'MXWE1630', 'user50', '戚正伟', 'user', '2018-07-03', 'MinHangToXuHui', '闵行到徐汇', '2018-07-01 04:20:19', '1');
insert into Appointment values('237', '51', 'MXWD1010A', 'user51', '张坚鑫', 'user', '2018-07-06', 'MinHangToXuHui', '闵行到徐汇', '2018-07-01 04:07:45', '1');
insert into Appointment values('238', '52', 'MXWD1410A', 'user52', '李国强', 'user', '2018-07-04', 'MinHangToXuHui', '闵行到徐汇', '2018-07-01 03:13:49', '1');
insert into Appointment values('239', '53', 'MXHD1630A', 'user53', '姜丽红', 'user', '2018-07-03', 'MinHangToXuHui', '闵行到徐汇', '2018-07-02 13:53:48', '1');
insert into Appointment values('240', '54', 'MXWD1600B', 'user54', '臧斌宇', 'user', '2018-07-04', 'MinHangToXuHui', '闵行到徐汇', '2018-07-02 17:13:56', '1');
insert into Appointment values('241', '55', 'MXWD1215A', 'user55', '陈榕', 'user', '2018-07-03', 'MinHangToXuHui', '闵行到徐汇', '2018-07-01 10:00:23', '1');
insert into Appointment values('242', '56', 'MXWE1630', 'user56', '夏虞斌', 'user', '2018-07-05', 'MinHangToXuHui', '闵行到徐汇', '2018-07-02 07:00:46', '1');
insert into Appointment values('243', '57', 'MXWE0730', 'user57', '李子男', 'user', '2018-07-04', 'MinHangToXuHui', '闵行到徐汇', '2018-07-02 13:40:05', '1');
insert into Appointment values('244', '58', 'MXHD1215', 'user58', '洪臻', 'user', '2018-07-06', 'MinHangToXuHui', '闵行到徐汇', '2018-07-01 13:45:11', '1');
insert into Appointment values('245', '59', 'MXHD1730', 'user59', '赵子铭', 'user', '2018-07-05', 'MinHangToXuHui', '闵行到徐汇', '2018-07-02 06:39:48', '1');
insert into Appointment values('246', '60', 'MXWD1010A', 'user60', '余倩倩', 'user', '2018-07-05', 'MinHangToXuHui', '闵行到徐汇', '2018-07-01 21:20:59', '1');
insert into Appointment values('247', '61', 'MXHD1215', 'user61', '王心然', 'user', '2018-07-05', 'MinHangToXuHui', '闵行到徐汇', '2018-07-01 03:19:17', '1');
insert into Appointment values('248', '62', 'MXWE1630', 'user62', 'Jason', 'user', '2018-07-03', 'MinHangToXuHui', '闵行到徐汇', '2018-07-02 00:08:12', '1');
insert into Appointment values('249', '1', 'MXWE0730', 'yzh', '姚子航', 'user', '2018-07-04', 'MinHangToXuHui', '闵行到徐汇', '2018-07-02 00:01:49', '1');
insert into Appointment values('250', '2', 'MXWD1600C', 'wxw', '王鑫伟', 'user', '2018-07-03', 'MinHangToXuHui', '闵行到徐汇', '2018-07-02 07:35:58', '1');
insert into Appointment values('251', '3', 'MXWD1410B', 'ly', '励颖', 'user', '2018-07-06', 'MinHangToXuHui', '闵行到徐汇', '2018-07-01 17:41:43', '1');
insert into Appointment values('252', '4', 'MXHE1630', 'wyl', '王一林', 'user', '2018-07-06', 'MinHangToXuHui', '闵行到徐汇', '2018-07-02 19:14:32', '1');
insert into Appointment values('253', '5', 'MXHD1630A', 'sbj', '沈备军', 'user', '2018-07-04', 'MinHangToXuHui', '闵行到徐汇', '2018-07-02 09:22:57', '1');
insert into Appointment values('254', '6', 'MXWD1600A', 'rr', '任锐', 'user', '2018-07-05', 'MinHangToXuHui', '闵行到徐汇', '2018-07-01 20:24:12', '1');
insert into Appointment values('255', '7', 'MXWD1010B', 'chp', '陈昊鹏', 'user', '2018-07-05', 'MinHangToXuHui', '闵行到徐汇', '2018-07-01 05:27:32', '1');
insert into Appointment values('256', '8', 'MXWD1410A', 'user8', '同睿哲', 'user', '2018-07-05', 'MinHangToXuHui', '闵行到徐汇', '2018-07-01 03:02:12', '1');
insert into Appointment values('257', '9', 'MXHD1630B', 'user9', '曹金坤', 'user', '2018-07-06', 'MinHangToXuHui', '闵行到徐汇', '2018-07-01 00:05:11', '1');
insert into Appointment values('258', '10', 'MXHE0730', 'user10', '冯二虎', 'user', '2018-07-05', 'MinHangToXuHui', '闵行到徐汇', '2018-07-02 23:33:20', '1');
insert into Appointment values('259', '11', 'MXWD1215B', 'user11', '马轲', 'user', '2018-07-04', 'MinHangToXuHui', '闵行到徐汇', '2018-07-02 23:35:57', '1');
insert into Appointment values('260', '12', 'MXWE1630', 'user12', '谢添翼', 'user', '2018-07-03', 'MinHangToXuHui', '闵行到徐汇', '2018-07-01 10:21:30', '1');
insert into Appointment values('261', '13', 'MXHD1630A', 'user13', '李浩', 'user', '2018-07-05', 'MinHangToXuHui', '闵行到徐汇', '2018-07-01 21:39:53', '1');
insert into Appointment values('262', '14', 'MXWE1630', 'user14', '朱锦昊', 'user', '2018-07-04', 'MinHangToXuHui', '闵行到徐汇', '2018-07-02 13:09:11', '1');
insert into Appointment values('263', '15', 'MXWD1215C', 'user15', '罗宇辰', 'user', '2018-07-06', 'MinHangToXuHui', '闵行到徐汇', '2018-07-02 22:07:57', '1');
insert into Appointment values('264', '16', 'MXWD1010A', 'user16', '刘泽宇', 'user', '2018-07-03', 'MinHangToXuHui', '闵行到徐汇', '2018-07-02 14:12:57', '1');
insert into Appointment values('265', '17', 'MXWD1410B', 'user17', '宋逸凡', 'user', '2018-07-03', 'MinHangToXuHui', '闵行到徐汇', '2018-07-01 00:59:01', '1');
insert into Appointment values('266', '18', 'MXWD1010A', 'user18', '方俊杰', 'user', '2018-07-04', 'MinHangToXuHui', '闵行到徐汇', '2018-07-01 22:48:02', '1');
insert into Appointment values('267', '19', 'MXWE0730', 'user19', '陈志扬', 'user', '2018-07-03', 'MinHangToXuHui', '闵行到徐汇', '2018-07-01 18:55:31', '1');
insert into Appointment values('268', '20', 'MXWD1600B', 'user20', '徐天强', 'user', '2018-07-03', 'MinHangToXuHui', '闵行到徐汇', '2018-07-01 01:30:57', '1');
insert into Appointment values('269', '21', 'MXHD1730', 'user21', '应邦豪', 'user', '2018-07-04', 'MinHangToXuHui', '闵行到徐汇', '2018-07-02 21:24:26', '1');
insert into Appointment values('270', '22', 'MXWE0730', 'user22', '余博识', 'user', '2018-07-03', 'MinHangToXuHui', '闵行到徐汇', '2018-07-02 07:28:50', '1');
insert into Appointment values('271', '23', 'MXWE1630', 'user23', '吴正雨', 'user', '2018-07-04', 'MinHangToXuHui', '闵行到徐汇', '2018-07-02 16:32:42', '1');
insert into Appointment values('272', '24', 'MXHD1215', 'user24', '胡雨奇', 'user', '2018-07-05', 'MinHangToXuHui', '闵行到徐汇', '2018-07-01 17:02:08', '1');
insert into Appointment values('273', '25', 'MXWD1010B', 'user25', '王梦瑶', 'user', '2018-07-03', 'MinHangToXuHui', '闵行到徐汇', '2018-07-02 23:06:46', '1');
insert into Appointment values('274', '26', 'MXWD1215A', 'user26', '蔡一凡', 'user', '2018-07-04', 'MinHangToXuHui', '闵行到徐汇', '2018-07-02 01:16:38', '1');
insert into Appointment values('275', '27', 'MXWD1600A', 'user27', '张宇航', 'user', '2018-07-04', 'MinHangToXuHui', '闵行到徐汇', '2018-07-01 01:26:43', '1');
insert into Appointment values('276', '28', 'MXHD1630A', 'user28', '王见思', 'user', '2018-07-06', 'MinHangToXuHui', '闵行到徐汇', '2018-07-01 15:35:21', '1');
insert into Appointment values('277', '29', 'MXWD1410B', 'user29', '赵樱', 'user', '2018-07-05', 'MinHangToXuHui', '闵行到徐汇', '2018-07-01 07:09:41', '0');
insert into Appointment values('278', '30', 'MXWD1600C', 'user30', '潘子奕', 'user', '2018-07-04', 'MinHangToXuHui', '闵行到徐汇', '2018-07-02 07:29:42', '1');
insert into Appointment values('279', '31', 'MXWD1215A', 'user31', '陈诺', 'user', '2018-07-04', 'MinHangToXuHui', '闵行到徐汇', '2018-07-01 06:36:42', '1');
insert into Appointment values('280', '32', 'MXWE1630', 'user32', '蔡忠玮', 'user', '2018-07-03', 'MinHangToXuHui', '闵行到徐汇', '2018-07-02 23:20:42', '1');
insert into Appointment values('281', '33', 'MXHD1630A', 'user33', '金瑞洋', 'user', '2018-07-03', 'MinHangToXuHui', '闵行到徐汇', '2018-07-02 04:19:19', '1');
insert into Appointment values('282', '34', 'MXWE0730', 'user34', '李琥', 'user', '2018-07-04', 'MinHangToXuHui', '闵行到徐汇', '2018-07-01 22:27:36', '1');
insert into Appointment values('283', '35', 'MXWE0730', 'user35', '李晗东', 'user', '2018-07-06', 'MinHangToXuHui', '闵行到徐汇', '2018-07-01 13:24:50', '1');
insert into Appointment values('284', '36', 'MXHD1730', 'user36', '原帅', 'user', '2018-07-05', 'MinHangToXuHui', '闵行到徐汇', '2018-07-01 20:16:03', '1');
insert into Appointment values('285', '37', 'MXWE0730', 'user37', '丁丁', 'user', '2018-07-06', 'MinHangToXuHui', '闵行到徐汇', '2018-07-02 00:49:33', '1');
insert into Appointment values('286', '38', 'MXWD1010A', 'user38', '李东起', 'user', '2018-07-05', 'MinHangToXuHui', '闵行到徐汇', '2018-07-02 00:32:49', '1');
insert into Appointment values('287', '39', 'MXWD1215C', 'user39', '何荣俊', 'user', '2018-07-03', 'MinHangToXuHui', '闵行到徐汇', '2018-07-02 21:20:16', '1');
insert into Appointment values('288', '40', 'MXHE0730', 'user40', '余心如', 'user', '2018-07-03', 'MinHangToXuHui', '闵行到徐汇', '2018-07-01 17:48:40', '1');
insert into Appointment values('289', '41', 'MXWE1630', 'user41', '胡嘉宏', 'user', '2018-07-05', 'MinHangToXuHui', '闵行到徐汇', '2018-07-02 00:14:23', '1');
insert into Appointment values('290', '42', 'MXHD1630A', 'user42', '黎君', 'user', '2018-07-05', 'MinHangToXuHui', '闵行到徐汇', '2018-07-01 10:22:08', '1');
insert into Appointment values('291', '43', 'MXWD1010B', 'user43', '叶东诚', 'user', '2018-07-03', 'MinHangToXuHui', '闵行到徐汇', '2018-07-02 00:23:43', '1');
insert into Appointment values('292', '44', 'MXWE0730', 'user44', '方娄昊', 'user', '2018-07-03', 'MinHangToXuHui', '闵行到徐汇', '2018-07-02 21:44:50', '1');
insert into Appointment values('293', '45', 'MXWD1600A', 'user45', '罗一淏', 'user', '2018-07-04', 'MinHangToXuHui', '闵行到徐汇', '2018-07-02 20:10:00', '1');
insert into Appointment values('294', '46', 'MXHD1215', 'user46', '黄友奇', 'user', '2018-07-03', 'MinHangToXuHui', '闵行到徐汇', '2018-07-02 07:59:49', '1');
insert into Appointment values('295', '47', 'MXWD1215B', 'user47', '彭博', 'user', '2018-07-03', 'MinHangToXuHui', '闵行到徐汇', '2018-07-02 12:50:20', '1');
insert into Appointment values('296', '48', 'MXHD1215', 'user48', '孙浩然', 'user', '2018-07-06', 'MinHangToXuHui', '闵行到徐汇', '2018-07-01 17:51:42', '1');
insert into Appointment values('297', '49', 'MXWE0730', 'user49', '李健', 'user', '2018-07-04', 'MinHangToXuHui', '闵行到徐汇', '2018-07-02 06:31:27', '1');
insert into Appointment values('298', '50', 'MXWD1410A', 'user50', '戚正伟', 'user', '2018-07-04', 'MinHangToXuHui', '闵行到徐汇', '2018-07-02 11:55:52', '1');
insert into Appointment values('299', '51', 'MXHD1730', 'user51', '张坚鑫', 'user', '2018-07-03', 'MinHangToXuHui', '闵行到徐汇', '2018-07-02 18:18:48', '1');
insert into Appointment values('300', '52', 'MXWD1010A', 'user52', '李国强', 'user', '2018-07-05', 'MinHangToXuHui', '闵行到徐汇', '2018-07-02 04:49:05', '1');
insert into Appointment values('301', '53', 'MXWE1630', 'user53', '姜丽红', 'user', '2018-07-06', 'MinHangToXuHui', '闵行到徐汇', '2018-07-01 00:30:58', '1');
insert into Appointment values('302', '54', 'MXWD1010A', 'user54', '臧斌宇', 'user', '2018-07-06', 'MinHangToXuHui', '闵行到徐汇', '2018-07-01 06:07:20', '1');
insert into Appointment values('303', '55', 'MXWD1600C', 'user55', '陈榕', 'user', '2018-07-06', 'MinHangToXuHui', '闵行到徐汇', '2018-07-01 13:21:52', '1');
insert into Appointment values('304', '56', 'MXWD1600A', 'user56', '夏虞斌', 'user', '2018-07-04', 'MinHangToXuHui', '闵行到徐汇', '2018-07-01 07:46:04', '1');
insert into Appointment values('305', '57', 'MXWE1630', 'user57', '李子男', 'user', '2018-07-04', 'MinHangToXuHui', '闵行到徐汇', '2018-07-01 07:16:24', '1');
insert into Appointment values('306', '58', 'MXWD1010B', 'user58', '洪臻', 'user', '2018-07-05', 'MinHangToXuHui', '闵行到徐汇', '2018-07-02 21:40:16', '1');
insert into Appointment values('307', '59', 'MXWD1215A', 'user59', '赵子铭', 'user', '2018-07-06', 'MinHangToXuHui', '闵行到徐汇', '2018-07-01 13:56:57', '1');
insert into Appointment values('308', '60', 'MXHD1730', 'user60', '余倩倩', 'user', '2018-07-03', 'MinHangToXuHui', '闵行到徐汇', '2018-07-01 19:39:42', '1');
insert into Appointment values('309', '61', 'MXWE0730', 'user61', '王心然', 'user', '2018-07-06', 'MinHangToXuHui', '闵行到徐汇', '2018-07-01 10:14:19', '1');
insert into Appointment values('310', '62', 'MXWD1010A', 'user62', 'Jason', 'user', '2018-07-04', 'MinHangToXuHui', '闵行到徐汇', '2018-07-01 06:32:00', '1');

insert into Collection values('1', '1', 'yzh', 'MXWD0830', '1');
insert into Collection values('2', '1', 'yzh', 'MXWD1215A', '2');
insert into Collection values('3', '1', 'yzh', 'MXWE0730', '0');
insert into Collection values('4', '1', 'yzh', 'MXHD1215', '1');
insert into Collection values('5', '1', 'yzh', 'MXHE0730', '0');
insert into Collection values('6', '2', 'wxw', 'MXWD0830', '3');
insert into Collection values('7', '2', 'wxw', 'MXWD1215A', '2');
insert into Collection values('8', '2', 'wxw', 'MXWE0730', '4');
insert into Collection values('9', '2', 'wxw', 'MXHD1215', '1');
insert into Collection values('10', '2', 'wxw', 'MXHE0730', '0');

insert into RideBusInfo values('2018-07-09:LLAW0730', '2018-07-09', 'LLAW0730', 'NormalWorkday', '沪D52210', '5', '30', '5', '25', '1', '50');



