insert into Administrator values('1', 'admin', 'admin');
insert into Administrator values('2', 'public', 'public');

insert into Users values('1', 'yzh', 'password', '100', '0', '13262600000');
insert into Users values('2', 'wxw', 'password', '100', '0', '13262600000');
insert into Users values('3', 'ly', 'password', '100', '0', '13262600000');
insert into Users values('4', 'wyl', 'password', '100', '0', '13262600000');
insert into Users values('5', 'sbj', 'password', '100', '1', '13262600000');
insert into Users values('6', 'rr', 'password', '100', '1', '13262600000');
insert into Users values('7', 'chp', 'password', '100', '1', '13262600000');

insert into Driver values('1', 'driver1', 'driver1', '13262600000');
insert into Driver values('2', 'driver2', 'driver2', '18767600000');

insert into Shift values('LLAW0730', 'LoopLineAntiClockwise', '校园巴士逆时针', 'NormalWorkday', '7:30:00', '50', '');
insert into Shift values('LLAW0745', 'LoopLineAntiClockwise', '校园巴士逆时针', 'NormalWorkday', '7:45:00', '50', '');
insert into Shift values('LLAW0800', 'LoopLineAntiClockwise', '校园巴士逆时针', 'NormalWorkday', '8:00:00', '50', '');
insert into Shift values('LLAW0815', 'LoopLineAntiClockwise', '校园巴士逆时针', 'NormalWorkday', '8:15:00', '50', '');
insert into Shift values('LLAW0825', 'LoopLineAntiClockwise', '校园巴士逆时针', 'NormalWorkday', '8:25:00', '50', '');
insert into Shift values('LLAW0840', 'LoopLineAntiClockwise', '校园巴士逆时针', 'NormalWorkday', '8:40:00', '50', '');
insert into Shift values('LLAW0900', 'LoopLineAntiClockwise', '校园巴士逆时针', 'NormalWorkday', '9:00:00', '50', '');
insert into Shift values('LLAW0920', 'LoopLineAntiClockwise', '校园巴士逆时针', 'NormalWorkday', '9:20:00', '50', '');
insert into Shift values('LLAW0940', 'LoopLineAntiClockwise', '校园巴士逆时针', 'NormalWorkday', '9:40:00', '50', '');
insert into Shift values('LLAW1000', 'LoopLineAntiClockwise', '校园巴士逆时针', 'NormalWorkday', '10:00:00', '50', '');
insert into Shift values('LLAW1020', 'LoopLineAntiClockwise', '校园巴士逆时针', 'NormalWorkday', '10:20:00', '50', '');
insert into Shift values('LLAW1040', 'LoopLineAntiClockwise', '校园巴士逆时针', 'NormalWorkday', '10:40:00', '50', '');
insert into Shift values('LLAW1100', 'LoopLineAntiClockwise', '校园巴士逆时针', 'NormalWorkday', '11:00:00', '50', '');
insert into Shift values('LLAW1120', 'LoopLineAntiClockwise', '校园巴士逆时针', 'NormalWorkday', '11:20:00', '50', '');
insert into Shift values('LLAW1140', 'LoopLineAntiClockwise', '校园巴士逆时针', 'NormalWorkday', '11:40:00', '50', '');
insert into Shift values('LLAW1200', 'LoopLineAntiClockwise', '校园巴士逆时针', 'NormalWorkday', '12:00:00', '50', '');
insert into Shift values('LLAW1300', 'LoopLineAntiClockwise', '校园巴士逆时针', 'NormalWorkday', '13:00:00', '50', '');
insert into Shift values('LLAW1320', 'LoopLineAntiClockwise', '校园巴士逆时针', 'NormalWorkday', '13:20:00', '50', '');
insert into Shift values('LLAW1340', 'LoopLineAntiClockwise', '校园巴士逆时针', 'NormalWorkday', '13:40:00', '50', '');
insert into Shift values('LLAW1400', 'LoopLineAntiClockwise', '校园巴士逆时针', 'NormalWorkday', '14:00:00', '50', '');
insert into Shift values('LLAW1420', 'LoopLineAntiClockwise', '校园巴士逆时针', 'NormalWorkday', '14:20:00', '50', '');
insert into Shift values('LLAW1440', 'LoopLineAntiClockwise', '校园巴士逆时针', 'NormalWorkday', '14:40:00', '50', '');
insert into Shift values('LLAW1500', 'LoopLineAntiClockwise', '校园巴士逆时针', 'NormalWorkday', '15:00:00', '50', '');
insert into Shift values('LLAW1520', 'LoopLineAntiClockwise', '校园巴士逆时针', 'NormalWorkday', '15:20:00', '50', '');
insert into Shift values('LLAW1540', 'LoopLineAntiClockwise', '校园巴士逆时针', 'NormalWorkday', '15:40:00', '50', '');
insert into Shift values('LLAW1600', 'LoopLineAntiClockwise', '校园巴士逆时针', 'NormalWorkday', '16:00:00', '50', '');
insert into Shift values('LLAW1620', 'LoopLineAntiClockwise', '校园巴士逆时针', 'NormalWorkday', '16:20:00', '50', '');
insert into Shift values('LLAW1630', 'LoopLineAntiClockwise', '校园巴士逆时针', 'NormalWorkday', '16:30:00', '50', '');
insert into Shift values('LLAW1700', 'LoopLineAntiClockwise', '校园巴士逆时针', 'NormalWorkday', '17:00:00', '50', '');
insert into Shift values('LLAW1715', 'LoopLineAntiClockwise', '校园巴士逆时针', 'NormalWorkday', '17:15:00', '50', '');
insert into Shift values('LLAW1730', 'LoopLineAntiClockwise', '校园巴士逆时针', 'NormalWorkday', '17:30:00', '50', '');
insert into Shift values('LLAW1750', 'LoopLineAntiClockwise', '校园巴士逆时针', 'NormalWorkday', '17:50:00', '50', '');
insert into Shift values('LLAW1800', 'LoopLineAntiClockwise', '校园巴士逆时针', 'NormalWorkday', '18:00:00', '50', '');
insert into Shift values('LLAW1900', 'LoopLineAntiClockwise', '校园巴士逆时针', 'NormalWorkday', '19:00:00', '50', '');
insert into Shift values('LLAW2010', 'LoopLineAntiClockwise', '校园巴士逆时针', 'NormalWorkday', '20:10:00', '50', '');
insert into Shift values('LLCW0830', 'LoopLineClockwise', '校园巴士顺时针', 'NormalWorkday', '8:30:00', '50', '');
insert into Shift values('LLCW0850', 'LoopLineClockwise', '校园巴士顺时针', 'NormalWorkday', '8:50:00', '50', '');
insert into Shift values('LLCW0910', 'LoopLineClockwise', '校园巴士顺时针', 'NormalWorkday', '9:10:00', '50', '');
insert into Shift values('LLCW0930', 'LoopLineClockwise', '校园巴士顺时针', 'NormalWorkday', '9:30:00', '50', '');
insert into Shift values('LLCW1000', 'LoopLineClockwise', '校园巴士顺时针', 'NormalWorkday', '10:00:00', '50', '');
insert into Shift values('LLCW1030', 'LoopLineClockwise', '校园巴士顺时针', 'NormalWorkday', '10:30:00', '50', '');
insert into Shift values('LLCW1100', 'LoopLineClockwise', '校园巴士顺时针', 'NormalWorkday', '11:00:00', '50', '');
insert into Shift values('LLCW1130', 'LoopLineClockwise', '校园巴士顺时针', 'NormalWorkday', '11:30:00', '50', '');
insert into Shift values('LLCW1230', 'LoopLineClockwise', '校园巴士顺时针', 'NormalWorkday', '12:30:00', '50', '');
insert into Shift values('LLCW1330', 'LoopLineClockwise', '校园巴士顺时针', 'NormalWorkday', '13:30:00', '50', '');
insert into Shift values('LLCW1400', 'LoopLineClockwise', '校园巴士顺时针', 'NormalWorkday', '14:00:00', '50', '');
insert into Shift values('LLCW1430', 'LoopLineClockwise', '校园巴士顺时针', 'NormalWorkday', '14:30:00', '50', '');
insert into Shift values('LLCW1500', 'LoopLineClockwise', '校园巴士顺时针', 'NormalWorkday', '15:00:00', '50', '');
insert into Shift values('LLCW1530', 'LoopLineClockwise', '校园巴士顺时针', 'NormalWorkday', '15:30:00', '50', '');
insert into Shift values('LLCW1600', 'LoopLineClockwise', '校园巴士顺时针', 'NormalWorkday', '16:00:00', '50', '');
insert into Shift values('LLCW1630', 'LoopLineClockwise', '校园巴士顺时针', 'NormalWorkday', '16:30:00', '50', '');
insert into Shift values('LLAH0815', 'LoopLineAntiClockwise', '校园巴士逆时针', 'HolidayWorkday', '8:15:00', '50', '');
insert into Shift values('LLAH0930', 'LoopLineAntiClockwise', '校园巴士逆时针', 'HolidayWorkday', '9:30:00', '50', '');
insert into Shift values('LLAH1030', 'LoopLineAntiClockwise', '校园巴士逆时针', 'HolidayWorkday', '10:30:00', '50', '');
insert into Shift values('LLAH1130', 'LoopLineAntiClockwise', '校园巴士逆时针', 'HolidayWorkday', '11:30:00', '50', '');
insert into Shift values('LLAH1500', 'LoopLineAntiClockwise', '校园巴士逆时针', 'HolidayWorkday', '15:00:00', '50', '');
insert into Shift values('LLAH1630', 'LoopLineAntiClockwise', '校园巴士逆时针', 'HolidayWorkday', '16:30:00', '50', '');
insert into Shift values('LLAH1800', 'LoopLineAntiClockwise', '校园巴士逆时针', 'HolidayWorkday', '18:00:00', '50', '');
insert into Shift values('LLCH0845', 'LoopLineClockwise', '校园巴士顺时针', 'HolidayWorkday', '8:45:00', '50', '');
insert into Shift values('LLCH1000', 'LoopLineClockwise', '校园巴士顺时针', 'HolidayWorkday', '10:00:00', '50', '');
insert into Shift values('LLCH1100', 'LoopLineClockwise', '校园巴士顺时针', 'HolidayWorkday', '11:00:00', '50', '');
insert into Shift values('LLCH1200', 'LoopLineClockwise', '校园巴士顺时针', 'HolidayWorkday', '12:00:00', '50', '');
insert into Shift values('LLCH1400', 'LoopLineClockwise', '校园巴士顺时针', 'HolidayWorkday', '14:00:00', '50', '');
insert into Shift values('LLCH1600', 'LoopLineClockwise', '校园巴士顺时针', 'HolidayWorkday', '16:00:00', '50', '');
insert into Shift values('LLCH1715', 'LoopLineClockwise', '校园巴士顺时针', 'HolidayWorkday', '17:15:00', '50', '');
insert into Shift values('MXWD0640A', 'MinHangToXuHui', '闵行到徐汇', 'NormalWorkday', '6:40:00', '50', '');
insert into Shift values('MXWD0640B', 'MinHangToXuHui', '闵行到徐汇', 'NormalWorkday', '6:40:00', '50', '');
insert into Shift values('MXWD0715A', 'MinHangToXuHui', '闵行到徐汇', 'NormalWorkday', '7:15:00', '50', '');
insert into Shift values('MXWD0715B', 'MinHangToXuHui', '闵行到徐汇', 'NormalWorkday', '7:15:00', '50', '');
insert into Shift values('MXWD0830', 'MinHangToXuHui', '闵行到徐汇', 'NormalWorkday', '8:30:00', '50', '');
insert into Shift values('MXWD1010A', 'MinHangToXuHui', '闵行到徐汇', 'NormalWorkday', '10:10:00', '50', '');
insert into Shift values('MXWD1010B', 'MinHangToXuHui', '闵行到徐汇', 'NormalWorkday', '10:10:00', '50', '');
insert into Shift values('MXWD1215A', 'MinHangToXuHui', '闵行到徐汇', 'NormalWorkday', '12:15:00', '50', '');
insert into Shift values('MXWD1215B', 'MinHangToXuHui', '闵行到徐汇', 'NormalWorkday', '12:15:00', '50', '');
insert into Shift values('MXWD1215C', 'MinHangToXuHui', '闵行到徐汇', 'NormalWorkday', '12:15:00', '50', '');
insert into Shift values('MXWD1410A', 'MinHangToXuHui', '闵行到徐汇', 'NormalWorkday', '14:10:00', '50', '');
insert into Shift values('MXWD1410B', 'MinHangToXuHui', '闵行到徐汇', 'NormalWorkday', '14:10:00', '50', '');
insert into Shift values('MXWD1600A', 'MinHangToXuHui', '闵行到徐汇', 'NormalWorkday', '16:00:00', '50', '');
insert into Shift values('MXWD1600B', 'MinHangToXuHui', '闵行到徐汇', 'NormalWorkday', '16:00:00', '50', '');
insert into Shift values('MXWD1600C', 'MinHangToXuHui', '闵行到徐汇', 'NormalWorkday', '16:00:00', '50', '');
insert into Shift values('MXWD1700A', 'MinHangToXuHui', '闵行到徐汇', 'NormalWorkday', '17:00:00', '50', '直达徐汇校区,途径罗阳、上中、天钥、交大新村 ');
insert into Shift values('MXWD1700B', 'MinHangToXuHui', '闵行到徐汇', 'NormalWorkday', '17:00:00', '50', '直达田林');
insert into Shift values('MXWD1700C', 'MinHangToXuHui', '闵行到徐汇', 'NormalWorkday', '17:00:00', '50', '直达古美');
insert into Shift values('MXWD1830A', 'MinHangToXuHui', '闵行到徐汇', 'NormalWorkday', '18:30:00', '50', '');
insert into Shift values('MXWD1830B', 'MinHangToXuHui', '闵行到徐汇', 'NormalWorkday', '18:30:00', '50', '');
insert into Shift values('MXWD2040A', 'MinHangToXuHui', '闵行到徐汇', 'NormalWorkday', '20:40:00', '50', '');
insert into Shift values('MXWD204B', 'MinHangToXuHui', '闵行到徐汇', 'NormalWorkday', '20:40:00', '50', '');
insert into Shift values('MXWE0730', 'MinHangToXuHui', '闵行到徐汇', 'NormalWeekendAndLegalHoliday', '7:30:00', '50', '');
insert into Shift values('MXWE1630', 'MinHangToXuHui', '闵行到徐汇', 'NormalWeekendAndLegalHoliday', '12:15:00', '50', '');
insert into Shift values('MXHD0730', 'MinHangToXuHui', '闵行到徐汇', 'HolidayWorkday', '7:30:00', '50', '');
insert into Shift values('MXHD1215', 'MinHangToXuHui', '闵行到徐汇', 'HolidayWorkday', '12:15:00', '50', '');
insert into Shift values('MXHD1630A', 'MinHangToXuHui', '闵行到徐汇', 'HolidayWorkday', '16:30:00', '50', '直达徐汇校区,途径罗阳、上中、天钥、交大新村');
insert into Shift values('MXHD1630B', 'MinHangToXuHui', '闵行到徐汇', 'HolidayWorkday', '16:30:00', '50', '直达田林');
insert into Shift values('MXHD1630C', 'MinHangToXuHui', '闵行到徐汇', 'HolidayWorkday', '16:30:00', '50', '直达古美');
insert into Shift values('MXHD1730', 'MinHangToXuHui', '闵行到徐汇', 'HolidayWorkday', '17:30:00', '50', '');
insert into Shift values('MXHD2000', 'MinHangToXuHui', '闵行到徐汇', 'HolidayWorkday', '20:00:00', '50', '');
insert into Shift values('MXHE0730', 'MinHangToXuHui', '闵行到徐汇', 'HolidayWeekend', '7:30:00', '50', '');
insert into Shift values('MXHE1630', 'MinHangToXuHui', '闵行到徐汇', 'HolidayWeekend', '16:30:00', '50', '');
insert into Shift values('XMWD0645A', 'XuHuiToMinHang', '徐汇到闵行', 'NormalWorkday', '6:45:00', '50', '天钥路始发，途径上中、罗阳至闵行 ');
insert into Shift values('XMWD0645B', 'XuHuiToMinHang', '徐汇到闵行', 'NormalWorkday', '6:45:00', '50', '田林始发，途径古美至闵行');
insert into Shift values('XMWD0700A', 'XuHuiToMinHang', '徐汇到闵行', 'NormalWorkday', '7:00:00', '50', '徐汇校区始发');
insert into Shift values('XMWD0700B', 'XuHuiToMinHang', '徐汇到闵行', 'NormalWorkday', '7:00:00', '50', '交大新村始发');
insert into Shift values('XMWD0730A', 'XuHuiToMinHang', '徐汇到闵行', 'NormalWorkday', '7:30:00', '50', '徐汇校区始发');
insert into Shift values('XMWD0730B', 'XuHuiToMinHang', '徐汇到闵行', 'NormalWorkday', '7:30:00', '50', '交大新村始发');
insert into Shift values('XMWD0730C', 'XuHuiToMinHang', '徐汇到闵行', 'NormalWorkday', '7:30:00', '50', '田林始发');
insert into Shift values('XMWD0730D', 'XuHuiToMinHang', '徐汇到闵行', 'NormalWorkday', '7:30:00', '50', '古美始发');
insert into Shift values('XMWD0900A', 'XuHuiToMinHang', '徐汇到闵行', 'NormalWorkday', '9:00:00', '50', '');
insert into Shift values('XMWD0900B', 'XuHuiToMinHang', '徐汇到闵行', 'NormalWorkday', '9:00:00', '50', '');
insert into Shift values('XMWD0900C', 'XuHuiToMinHang', '徐汇到闵行', 'NormalWorkday', '9:00:00', '50', '');
insert into Shift values('XMWD1010', 'XuHuiToMinHang', '徐汇到闵行', 'NormalWorkday', '10:10:00', '50', '');
insert into Shift values('XMWD1200A', 'XuHuiToMinHang', '徐汇到闵行', 'NormalWorkday', '12:00:00', '50', '直达，途径交大新村');
insert into Shift values('XMWD1200B', 'XuHuiToMinHang', '徐汇到闵行', 'NormalWorkday', '12:00:00', '50', '直达，途径交大新村');
insert into Shift values('XMWD1300A', 'XuHuiToMinHang', '徐汇到闵行', 'NormalWorkday', '13:00:00', '50', '');
insert into Shift values('XMWD1300B', 'XuHuiToMinHang', '徐汇到闵行', 'NormalWorkday', '13:00:00', '50', '');
insert into Shift values('XMWD1300C', 'XuHuiToMinHang', '徐汇到闵行', 'NormalWorkday', '13:00:00', '50', '');
insert into Shift values('XMWD1500A', 'XuHuiToMinHang', '徐汇到闵行', 'NormalWorkday', '15:00:00', '50', '');
insert into Shift values('XMWD1500B', 'XuHuiToMinHang', '徐汇到闵行', 'NormalWorkday', '15:00:00', '50', '');
insert into Shift values('XMWD1700A', 'XuHuiToMinHang', '徐汇到闵行', 'NormalWorkday', '17:00:00', '50', '');
insert into Shift values('XMWD1700B', 'XuHuiToMinHang', '徐汇到闵行', 'NormalWorkday', '17:00:00', '50', '');
insert into Shift values('XMWD1700C', 'XuHuiToMinHang', '徐汇到闵行', 'NormalWorkday', '17:00:00', '50', '');
insert into Shift values('XMWD1800A', 'XuHuiToMinHang', '徐汇到闵行', 'NormalWorkday', '18:00:00', '50', '');
insert into Shift values('XMWD1800B', 'XuHuiToMinHang', '徐汇到闵行', 'NormalWorkday', '18:00:00', '50', '');
insert into Shift values('XMWD2000A', 'XuHuiToMinHang', '徐汇到闵行', 'NormalWorkday', '20:00:00', '50', '');
insert into Shift values('XMWD2000B', 'XuHuiToMinHang', '徐汇到闵行', 'NormalWorkday', '20:00:00', '50', '');
insert into Shift values('XMWD2130A', 'XuHuiToMinHang', '徐汇到闵行', 'NormalWorkday', '21:30:00', '50', '');
insert into Shift values('XMWD2130B', 'XuHuiToMinHang', '徐汇到闵行', 'NormalWorkday', '21:30:00', '50', '');
insert into Shift values('XMWE0830', 'XuHuiToMinHang', '徐汇到闵行', 'NormalWeekendAndLegalHoliday', '8:30:00', '50', '');
insert into Shift values('XMWE1730', 'XuHuiToMinHang', '徐汇到闵行', 'NormalWeekendAndLegalHoliday', '17:30:00', '50', '');
insert into Shift values('XMHD0730A', 'XuHuiToMinHang', '徐汇到闵行', 'HolidayWorkday', '7:30:00', '50', '直达闵行，途径天钥、上中、罗阳');
insert into Shift values('XMHD0730B', 'XuHuiToMinHang', '徐汇到闵行', 'HolidayWorkday', '7:30:00', '50', '交大新村始发');
insert into Shift values('XMHD0730C', 'XuHuiToMinHang', '徐汇到闵行', 'HolidayWorkday', '7:30:00', '50', '田林始发');
insert into Shift values('XMHD0730D', 'XuHuiToMinHang', '徐汇到闵行', 'HolidayWorkday', '7:30:00', '50', '古美始发');
insert into Shift values('XMHD0830', 'XuHuiToMinHang', '徐汇到闵行', 'HolidayWorkday', '8:30:00', '50', '古美始发');
insert into Shift values('XMHD1315', 'XuHuiToMinHang', '徐汇到闵行', 'HolidayWorkday', '13:15:00', '50', '');
insert into Shift values('XMHD1630', 'XuHuiToMinHang', '徐汇到闵行', 'HolidayWorkday', '16:30:00', '50', '');
insert into Shift values('XMHD2100', 'XuHuiToMinHang', '徐汇到闵行', 'HolidayWorkday', '21:00:00', '50', '');
insert into Shift values('XMHE0830', 'XuHuiToMinHang', '徐汇到闵行', 'HolidayWeekend', '8:30:00', '50', '');
insert into Shift values('XMHE1730', 'XuHuiToMinHang', '徐汇到闵行', 'HolidayWeekend', '17:30:00', '50', '');
insert into Shift values('QMWD0700', 'QiBaoToMinHang', '七宝到闵行', 'NormalWorkday', '7:00:00', '50', '');
insert into Shift values('QMWD1110', 'QiBaoToMinHang', '七宝到闵行', 'NormalWorkday', '11:10:00', '50', '');
insert into Shift values('QMWD1610', 'QiBaoToMinHang', '七宝到闵行', 'NormalWorkday', '16:10:00', '50', '');
insert into Shift values('QMWD1950', 'QiBaoToMinHang', '七宝到闵行', 'NormalWorkday', '19:50:00', '50', '');
insert into Shift values('QMWE0800', 'QiBaoToMinHang', '七宝到闵行', 'HolidayWorkday', '8:00:00', '50', '');
insert into Shift values('QMWE1610', 'QiBaoToMinHang', '七宝到闵行', 'HolidayWorkday', '16:10:00', '50', '');
insert into Shift values('MQWD0800', 'MinHangToQiBao', '闵行到七宝', 'NormalWorkday', '8:00:00', '50', '');
insert into Shift values('MQWD1220', 'MinHangToQiBao', '闵行到七宝', 'NormalWorkday', '12:20:00', '50', '');
insert into Shift values('MQWD1700', 'MinHangToQiBao', '闵行到七宝', 'NormalWorkday', '17:00:00', '50', '');
insert into Shift values('MQWD2030', 'MinHangToQiBao', '闵行到七宝', 'NormalWorkday', '20:30:00', '50', '');
insert into Shift values('MQWE0850', 'MinHangToQiBao', '闵行到七宝', 'HolidayWorkday', '8:50:00', '50', '');
insert into Shift values('MQWE1700', 'MinHangToQiBao', '闵行到七宝', 'HolidayWorkday', '17:00:00', '50', '');


insert into Bus values('1', '1', 'LLAW0730', '50', '沪AB2333');
insert into Bus values('2', '2', 'LLAW0745', '50', '沪AB2334');
insert into Bus values('3', '1', 'LLAW0800', '50', '沪AB2335');
insert into Bus values('4', '2', 'LLAW0815', '50', '沪AB2336');

insert into Appointment values('1', '1', 'LLAW0825', '2018-07-09', '校园巴士逆时针', '1');
insert into Appointment values('2', '2', 'LLAW0840', '2018-07-10', '校园巴士逆时针', '1');
insert into Appointment values('3', '3', 'MQWD0800', '2018-07-11', '校园巴士逆时针', '1');
insert into Appointment values('4', '4', 'MQWD1220', '2018-07-12', '校园巴士逆时针', '1');
insert into Appointment values('5', '5', 'MQWD1700', '2018-07-13', '校园巴士逆时针', '1');
insert into Appointment values('6', '6', 'MQWD2030', '2018-07-14', '校园巴士逆时针', '1');
insert into Appointment values('7', '7', 'MQWE0850', '2018-07-15', '校园巴士逆时针', '0');

insert into RideBusInfo values('1', '2018-07-09', 'LLAW0730', '1', '0', '1', '50', '45', '5', '40', '0');



