insert into Administrator values('1', 'admin', 'admin');
insert into Administrator values('2', 'public', 'public');

insert into Users values('1', 'yzh', 'password', '100', '0', '13262600000');
insert into Users values('2', 'wxw', 'password', '100', '0', '13262600000');
insert into Users values('3', 'ly', 'password', '100', '0', '13262600000');
insert into Users values('4', 'wyl', 'password', '100', '0', '13262600000');
insert into Users values('5', 'sbj', 'password', '100', '1', '13262600000');
insert into Users values('6', 'rr', 'password', '100', '1', '13262600000');
insert into Users values('7', 'chp', 'password', '100', '1', '13262600000');

insert into JaccountUsers values('1', 'yzh', '100', '0', '13262600000', '姚子航', '516030910000');
insert into JaccountUsers values('2', 'wxw', '100', '0', '13262600000', '王鑫伟', '516030910000');
insert into JaccountUsers values('3', 'ly', '100', '0', '13262600000', '励颖', '516030910000');
insert into JaccountUsers values('4', 'wyl', '100', '0', '13262600000', '王一林', '516030910000');
insert into JaccountUsers values('5', 'sbj', '100', '1', '13262600000', '沈备军', '516030910000');
insert into JaccountUsers values('6', 'rr', '100', '1', '13262600000', '任锐', '516030910000');
insert into JaccountUsers values('7', 'chp', '100', '1', '13262600000', '陈昊鹏', '516030910000');

insert into Driver values('1', 'driver1', 'driver1', '13262600000');
insert into Driver values('2', 'driver2', 'driver2', '18767600000');

insert into Bus values('1', '1', '50', '沪D52210');
insert into Bus values('2', '2', '50', '沪D52182');
insert into Bus values('3', '1', '50', '沪D41683');

insert into Shift values('LLAW0730', '1','LoopLineAntiClockwise', '校园巴士逆时针', 'NormalWorkday', '7:30:00', '7:50:00', '5', '');
insert into Shift values('LLAW0745', '2','LoopLineAntiClockwise', '校园巴士逆时针', 'NormalWorkday', '7:45:00', '8:05:00', '5', '');
insert into Shift values('LLAW0800', '3','LoopLineAntiClockwise', '校园巴士逆时针', 'NormalWorkday', '8:00:00', '8:20:00', '5', '');
insert into Shift values('LLAW0815', '1','LoopLineAntiClockwise', '校园巴士逆时针', 'NormalWorkday', '8:15:00', '8:35:00', '5', '');
insert into Shift values('LLAW0825', '2','LoopLineAntiClockwise', '校园巴士逆时针', 'NormalWorkday', '8:25:00', '8:45:00', '5', '');
insert into Shift values('LLAW0840', '3','LoopLineAntiClockwise', '校园巴士逆时针', 'NormalWorkday', '8:40:00', '9:00:00', '5', '');
insert into Shift values('LLAW0900', '1','LoopLineAntiClockwise', '校园巴士逆时针', 'NormalWorkday', '9:00:00', '9:20:00', '5', '');
insert into Shift values('LLAW0920', '2','LoopLineAntiClockwise', '校园巴士逆时针', 'NormalWorkday', '9:20:00', '9:40:00', '5', '');
insert into Shift values('LLAW0940', '3','LoopLineAntiClockwise', '校园巴士逆时针', 'NormalWorkday', '9:40:00', '10:00:00', '5', '');
insert into Shift values('LLAW1000', '1','LoopLineAntiClockwise', '校园巴士逆时针', 'NormalWorkday', '10:00:00', '10:20:00', '5', '');
insert into Shift values('LLAW1020', '2','LoopLineAntiClockwise', '校园巴士逆时针', 'NormalWorkday', '10:20:00', '10:40:00', '5', '');
insert into Shift values('LLAW1040', '3','LoopLineAntiClockwise', '校园巴士逆时针', 'NormalWorkday', '10:40:00', '11:00:00', '5', '');
insert into Shift values('LLAW1100', '1','LoopLineAntiClockwise', '校园巴士逆时针', 'NormalWorkday', '11:00:00', '11:20:00', '5', '');
insert into Shift values('LLAW1120', '2','LoopLineAntiClockwise', '校园巴士逆时针', 'NormalWorkday', '11:20:00', '11:40:00', '5', '');
insert into Shift values('LLAW1140', '3','LoopLineAntiClockwise', '校园巴士逆时针', 'NormalWorkday', '11:40:00', '12:00:00', '5', '');
insert into Shift values('LLAW1200', '1','LoopLineAntiClockwise', '校园巴士逆时针', 'NormalWorkday', '12:00:00', '13:00:00', '5', '');
insert into Shift values('LLAW1300', '2','LoopLineAntiClockwise', '校园巴士逆时针', 'NormalWorkday', '13:00:00', '13:20:00', '5', '');
insert into Shift values('LLAW1320', '3','LoopLineAntiClockwise', '校园巴士逆时针', 'NormalWorkday', '13:20:00', '13:40:00', '5', '');
insert into Shift values('LLAW1340', '1','LoopLineAntiClockwise', '校园巴士逆时针', 'NormalWorkday', '13:40:00', '14:00:00', '5', '');
insert into Shift values('LLAW1400', '2','LoopLineAntiClockwise', '校园巴士逆时针', 'NormalWorkday', '14:00:00', '14:20:00', '5', '');
insert into Shift values('LLAW1420', '3','LoopLineAntiClockwise', '校园巴士逆时针', 'NormalWorkday', '14:20:00', '14:40:00', '5', '');
insert into Shift values('LLAW1440', '1','LoopLineAntiClockwise', '校园巴士逆时针', 'NormalWorkday', '14:40:00', '15:00:00', '5', '');
insert into Shift values('LLAW1500', '2','LoopLineAntiClockwise', '校园巴士逆时针', 'NormalWorkday', '15:00:00', '15:20:00', '5', '');
insert into Shift values('LLAW1520', '3','LoopLineAntiClockwise', '校园巴士逆时针', 'NormalWorkday', '15:20:00', '15:40:00', '5', '');
insert into Shift values('LLAW1540', '1','LoopLineAntiClockwise', '校园巴士逆时针', 'NormalWorkday', '15:40:00', '16:00:00', '5', '');
insert into Shift values('LLAW1600', '2','LoopLineAntiClockwise', '校园巴士逆时针', 'NormalWorkday', '16:00:00', '16:20:00', '5', '');
insert into Shift values('LLAW1620', '3','LoopLineAntiClockwise', '校园巴士逆时针', 'NormalWorkday', '16:20:00', '16:40:00', '5', '');
insert into Shift values('LLAW1630', '1','LoopLineAntiClockwise', '校园巴士逆时针', 'NormalWorkday', '16:30:00', '16:50:00', '5', '');
insert into Shift values('LLAW1700', '2','LoopLineAntiClockwise', '校园巴士逆时针', 'NormalWorkday', '17:00:00', '17:20:00', '5', '');
insert into Shift values('LLAW1715', '3','LoopLineAntiClockwise', '校园巴士逆时针', 'NormalWorkday', '17:15:00', '17:35:00', '5', '');
insert into Shift values('LLAW1730', '1','LoopLineAntiClockwise', '校园巴士逆时针', 'NormalWorkday', '17:30:00', '17:50:00', '5', '');
insert into Shift values('LLAW1750', '2','LoopLineAntiClockwise', '校园巴士逆时针', 'NormalWorkday', '17:50:00', '18:10:00', '5', '');
insert into Shift values('LLAW1800', '3','LoopLineAntiClockwise', '校园巴士逆时针', 'NormalWorkday', '18:00:00', '18:20:00', '5', '');
insert into Shift values('LLAW1900', '1','LoopLineAntiClockwise', '校园巴士逆时针', 'NormalWorkday', '19:00:00', '19:20:00', '5', '');
insert into Shift values('LLAW2010', '2','LoopLineAntiClockwise', '校园巴士逆时针', 'NormalWorkday', '20:10:00', '20:30:00', '5', '');
insert into Shift values('LLCW0830', '3','LoopLineClockwise', '校园巴士顺时针', 'NormalWorkday', '8:30:00', '8:50:00', '5', '');
insert into Shift values('LLCW0850', '1','LoopLineClockwise', '校园巴士顺时针', 'NormalWorkday', '8:50:00', '9:10:00', '5', '');
insert into Shift values('LLCW0910', '2','LoopLineClockwise', '校园巴士顺时针', 'NormalWorkday', '9:10:00', '9:30:00', '5', '');
insert into Shift values('LLCW0930', '3','LoopLineClockwise', '校园巴士顺时针', 'NormalWorkday', '9:30:00', '9:50:00', '5', '');
insert into Shift values('LLCW1000', '1','LoopLineClockwise', '校园巴士顺时针', 'NormalWorkday', '10:00:00', '10:20:00', '5', '');
insert into Shift values('LLCW1030', '2','LoopLineClockwise', '校园巴士顺时针', 'NormalWorkday', '10:30:00', '10:50:00', '5', '');
insert into Shift values('LLCW1100', '3','LoopLineClockwise', '校园巴士顺时针', 'NormalWorkday', '11:00:00', '11:20:00', '5', '');
insert into Shift values('LLCW1130', '1','LoopLineClockwise', '校园巴士顺时针', 'NormalWorkday', '11:30:00', '11:50:00', '5', '');
insert into Shift values('LLCW1230', '2','LoopLineClockwise', '校园巴士顺时针', 'NormalWorkday', '12:30:00', '12:50:00', '5', '');
insert into Shift values('LLCW1330', '3','LoopLineClockwise', '校园巴士顺时针', 'NormalWorkday', '13:30:00', '13:50:00', '5', '');
insert into Shift values('LLCW1400', '1','LoopLineClockwise', '校园巴士顺时针', 'NormalWorkday', '14:00:00', '14:20:00', '5', '');
insert into Shift values('LLCW1430', '2','LoopLineClockwise', '校园巴士顺时针', 'NormalWorkday', '14:30:00', '14:50:00', '5', '');
insert into Shift values('LLCW1500', '3','LoopLineClockwise', '校园巴士顺时针', 'NormalWorkday', '15:00:00', '15:20:00', '5', '');
insert into Shift values('LLCW1530', '1','LoopLineClockwise', '校园巴士顺时针', 'NormalWorkday', '15:30:00', '15:50:00', '5', '');
insert into Shift values('LLCW1600', '2','LoopLineClockwise', '校园巴士顺时针', 'NormalWorkday', '16:00:00', '16:20:00', '5', '');
insert into Shift values('LLCW1630', '3','LoopLineClockwise', '校园巴士顺时针', 'NormalWorkday', '16:30:00', '16:50:00', '5', '');
insert into Shift values('LLAH0815', '1','LoopLineAntiClockwise', '校园巴士逆时针', 'HolidayWorkday', '8:15:00', '8:35:00', '5', '');
insert into Shift values('LLAH0930', '2','LoopLineAntiClockwise', '校园巴士逆时针', 'HolidayWorkday', '9:30:00', '9:50:00', '5', '');
insert into Shift values('LLAH1030', '3','LoopLineAntiClockwise', '校园巴士逆时针', 'HolidayWorkday', '10:30:00', '10:50:00', '5', '');
insert into Shift values('LLAH1130', '1','LoopLineAntiClockwise', '校园巴士逆时针', 'HolidayWorkday', '11:30:00', '11:50:00', '5', '');
insert into Shift values('LLAH1500', '2','LoopLineAntiClockwise', '校园巴士逆时针', 'HolidayWorkday', '15:00:00', '15:20:00', '5', '');
insert into Shift values('LLAH1630', '3','LoopLineAntiClockwise', '校园巴士逆时针', 'HolidayWorkday', '16:30:00', '16:50:00', '5', '');
insert into Shift values('LLAH1800', '1','LoopLineAntiClockwise', '校园巴士逆时针', 'HolidayWorkday', '18:00:00', '18:20:00', '5', '');
insert into Shift values('LLCH0845', '2','LoopLineClockwise', '校园巴士顺时针', 'HolidayWorkday', '8:45:00', '9:05:00', '5', '');
insert into Shift values('LLCH1000', '3','LoopLineClockwise', '校园巴士顺时针', 'HolidayWorkday', '10:00:00', '10:20:00', '5', '');
insert into Shift values('LLCH1100', '1','LoopLineClockwise', '校园巴士顺时针', 'HolidayWorkday', '11:00:00', '11:20:00', '5', '');
insert into Shift values('LLCH1200', '2','LoopLineClockwise', '校园巴士顺时针', 'HolidayWorkday', '12:00:00', '12:20:00', '5', '');
insert into Shift values('LLCH1400', '3','LoopLineClockwise', '校园巴士顺时针', 'HolidayWorkday', '14:00:00', '14:20:00', '5', '');
insert into Shift values('LLCH1600', '1','LoopLineClockwise', '校园巴士顺时针', 'HolidayWorkday', '16:00:00', '16:20:00', '5', '');
insert into Shift values('LLCH1715', '2','LoopLineClockwise', '校园巴士顺时针', 'HolidayWorkday', '17:15:00', '17:35:00', '5', '');
insert into Shift values('MXWD0640A', '3','MinHangToXuHui', '闵行到徐汇', 'NormalWorkday', '6:40:00', '7:40:00', '5', '共 2 班, 均直达徐汇校区');
insert into Shift values('MXWD0640B', '1','MinHangToXuHui', '闵行到徐汇', 'NormalWorkday', '6:40:00', '7:40:00', '5', '共 2 班, 均直达徐汇校区');
insert into Shift values('MXWD0715A', '2','MinHangToXuHui', '闵行到徐汇', 'NormalWorkday', '7:15:00', '8:15:00', '5', '共 2 班, 均直达徐汇校区');
insert into Shift values('MXWD0715B', '3','MinHangToXuHui', '闵行到徐汇', 'NormalWorkday', '7:15:00', '8:15:00', '5', '共 2 班, 均直达徐汇校区');
insert into Shift values('MXWD0830', '1','MinHangToXuHui', '闵行到徐汇', 'NormalWorkday', '8:30:00', '9:30:00', '5', '共 1 班, 直达徐汇校区');
insert into Shift values('MXWD1010A', '2','MinHangToXuHui', '闵行到徐汇', 'NormalWorkday', '10:10:00', '11:10:00', '5', '共 2 班, 均直达徐汇校区');
insert into Shift values('MXWD1010B', '3','MinHangToXuHui', '闵行到徐汇', 'NormalWorkday', '10:10:00', '11:10:00', '5', '共 2 班, 均直达徐汇校区');
insert into Shift values('MXWD1215A', '1','MinHangToXuHui', '闵行到徐汇', 'NormalWorkday', '12:15:00', '13:15:00', '5', '共 3 班, 均直达徐汇校区');
insert into Shift values('MXWD1215B', '2','MinHangToXuHui', '闵行到徐汇', 'NormalWorkday', '12:15:00', '13:15:00', '5', '共 3 班, 均直达徐汇校区');
insert into Shift values('MXWD1215C', '3','MinHangToXuHui', '闵行到徐汇', 'NormalWorkday', '12:15:00', '13:15:00', '5', '共 3 班, 均直达徐汇校区');
insert into Shift values('MXWD1410A', '1','MinHangToXuHui', '闵行到徐汇', 'NormalWorkday', '14:10:00', '15:10:00', '5', '共 2 班, 均直达徐汇校区');
insert into Shift values('MXWD1410B', '2','MinHangToXuHui', '闵行到徐汇', 'NormalWorkday', '14:10:00', '15:10:00', '5', '共 2 班, 均直达徐汇校区');
insert into Shift values('MXWD1600A', '3','MinHangToXuHui', '闵行到徐汇', 'NormalWorkday', '16:00:00', '17:00:00', '5', '共 3 班, 均直达徐汇校区');
insert into Shift values('MXWD1600B', '1','MinHangToXuHui', '闵行到徐汇', 'NormalWorkday', '16:00:00', '17:00:00', '5', '共 3 班, 均直达徐汇校区');
insert into Shift values('MXWD1600C', '2','MinHangToXuHui', '闵行到徐汇', 'NormalWorkday', '16:00:00', '17:00:00', '5', '共 3 班, 均直达徐汇校区');
insert into Shift values('MXWD1700A', '3','MinHangToXuHui', '闵行到徐汇', 'NormalWorkday', '17:00:00', '18:00:00', '5', '共 3 班, 该班直达徐汇校区, 途径罗阳、上中、天钥、交大新村 ');
insert into Shift values('MXWD1700B', '1','MinHangToXuHui', '闵行到徐汇', 'NormalWorkday', '17:00:00', '18:00:00', '5', '共 3 班, 该班直达田林');
insert into Shift values('MXWD1700C', '2','MinHangToXuHui', '闵行到徐汇', 'NormalWorkday', '17:00:00', '18:00:00', '5', '共 3 班, 该班直达古美');
insert into Shift values('MXWD1830A', '3','MinHangToXuHui', '闵行到徐汇', 'NormalWorkday', '18:30:00', '19:30:00', '5', '共 2 班, 均直达徐汇校区');
insert into Shift values('MXWD1830B', '1','MinHangToXuHui', '闵行到徐汇', 'NormalWorkday', '18:30:00', '19:30:00', '5', '共 2 班, 均直达徐汇校区');
insert into Shift values('MXWD2040A', '2','MinHangToXuHui', '闵行到徐汇', 'NormalWorkday', '20:40:00', '21:40:00', '5', '共 2 班, 均直达徐汇校区');
insert into Shift values('MXWD2040B', '3','MinHangToXuHui', '闵行到徐汇', 'NormalWorkday', '20:40:00', '21:40:00', '5', '共 2 班, 均直达徐汇校区');
insert into Shift values('MXWE0730', '1','MinHangToXuHui', '闵行到徐汇', 'NormalWeekendAndLegalHoliday', '7:30:00', '8:30:00', '5', '共 1 班, 直达徐汇校区');
insert into Shift values('MXWE1630', '2','MinHangToXuHui', '闵行到徐汇', 'NormalWeekendAndLegalHoliday', '12:15:00', '13:15:00', '5', '共 1 班, 直达徐汇校区');
insert into Shift values('MXHD0730', '3','MinHangToXuHui', '闵行到徐汇', 'HolidayWorkday', '7:30:00', '8:30:00', '5', '共 1 班, 直达徐汇校区');
insert into Shift values('MXHD1215', '1','MinHangToXuHui', '闵行到徐汇', 'HolidayWorkday', '12:15:00', '13:15:00', '5', '共 1 班, 直达徐汇校区');
insert into Shift values('MXHD1630A', '2','MinHangToXuHui', '闵行到徐汇', 'HolidayWorkday', '16:30:00', '17:30:00', '5', '共 3 班, 该班直达徐汇校区, 途径罗阳、上中、天钥、交大新村 ');
insert into Shift values('MXHD1630B', '3','MinHangToXuHui', '闵行到徐汇', 'HolidayWorkday', '16:30:00', '17:30:00', '5', '共 3 班, 该班直达田林');
insert into Shift values('MXHD1630C', '1','MinHangToXuHui', '闵行到徐汇', 'HolidayWorkday', '16:30:00', '17:30:00', '5', '共 3 班, 该班直达古美');
insert into Shift values('MXHD1730', '2','MinHangToXuHui', '闵行到徐汇', 'HolidayWorkday', '17:30:00', '18:30:00', '5', '共 1 班, 直达徐汇校区');
insert into Shift values('MXHD2000', '3','MinHangToXuHui', '闵行到徐汇', 'HolidayWorkday', '20:00:00', '21:00:00', '5', '共 1 班, 直达徐汇校区');
insert into Shift values('MXHE0730', '1','MinHangToXuHui', '闵行到徐汇', 'HolidayWeekend', '7:30:00', '8:30:00', '5', '共 1 班, 直达徐汇校区');
insert into Shift values('MXHE1630', '2','MinHangToXuHui', '闵行到徐汇', 'HolidayWeekend', '16:30:00', '17:30:00', '5', '共 1 班, 直达徐汇校区');
insert into Shift values('XMWD0645A', '3','XuHuiToMinHang', '徐汇到闵行', 'NormalWorkday', '6:45:00', '7:45:00', '5', '共 2 班, 该班天钥路始发, 途径上中、罗阳至闵行 ');
insert into Shift values('XMWD0645B', '1','XuHuiToMinHang', '徐汇到闵行', 'NormalWorkday', '6:45:00', '7:45:00', '5', '共 2 班, 该班田林始发, 途径古美至闵行');
insert into Shift values('XMWD0700A', '2','XuHuiToMinHang', '徐汇到闵行', 'NormalWorkday', '7:00:00', '8:00:00', '5', '共 2 班, 该班徐汇校区始发');
insert into Shift values('XMWD0700B', '3','XuHuiToMinHang', '徐汇到闵行', 'NormalWorkday', '7:00:00', '8:00:00', '5', '共 2 班, 该班交大新村始发');
insert into Shift values('XMWD0730A', '1','XuHuiToMinHang', '徐汇到闵行', 'NormalWorkday', '7:30:00', '8:30:00', '5', '共 4 班, 该班徐汇校区始发');
insert into Shift values('XMWD0730B', '2','XuHuiToMinHang', '徐汇到闵行', 'NormalWorkday', '7:30:00', '8:30:00', '5', '共 4 班, 该班交大新村始发');
insert into Shift values('XMWD0730C', '3','XuHuiToMinHang', '徐汇到闵行', 'NormalWorkday', '7:30:00', '8:30:00', '5', '共 4 班, 该班田林始发');
insert into Shift values('XMWD0730D', '1','XuHuiToMinHang', '徐汇到闵行', 'NormalWorkday', '7:30:00', '8:30:00', '5', '共 4 班, 该班古美始发');
insert into Shift values('XMWD0900A', '2','XuHuiToMinHang', '徐汇到闵行', 'NormalWorkday', '9:00:00', '10:00:00', '5', '共 3 班, 均直达闵行校区');
insert into Shift values('XMWD0900B', '3','XuHuiToMinHang', '徐汇到闵行', 'NormalWorkday', '9:00:00', '10:00:00', '5', '共 3 班, 均直达闵行校区');
insert into Shift values('XMWD0900C', '1','XuHuiToMinHang', '徐汇到闵行', 'NormalWorkday', '9:00:00', '10:00:00', '5', '共 3 班, 均直达闵行校区');
insert into Shift values('XMWD1010', '2','XuHuiToMinHang', '徐汇到闵行', 'NormalWorkday', '10:10:00', '11:10:00', '5', '共 1 班, 直达闵行校区');
insert into Shift values('XMWD1200A', '3','XuHuiToMinHang', '徐汇到闵行', 'NormalWorkday', '12:00:00', '13:00:00', '5', '共 2 班, 均途径交大新村直达闵行');
insert into Shift values('XMWD1200B', '1','XuHuiToMinHang', '徐汇到闵行', 'NormalWorkday', '12:00:00', '13:00:00', '5', '共 2 班, 均途径交大新村直达闵行');
insert into Shift values('XMWD1300A', '2','XuHuiToMinHang', '徐汇到闵行', 'NormalWorkday', '13:00:00', '14:00:00', '5', '共 3 班, 均直达闵行校区');
insert into Shift values('XMWD1300B', '3','XuHuiToMinHang', '徐汇到闵行', 'NormalWorkday', '13:00:00', '14:00:00', '5', '共 3 班, 均直达闵行校区');
insert into Shift values('XMWD1300C', '1','XuHuiToMinHang', '徐汇到闵行', 'NormalWorkday', '13:00:00', '14:00:00', '5', '共 3 班, 均直达闵行校区');
insert into Shift values('XMWD1500A', '2','XuHuiToMinHang', '徐汇到闵行', 'NormalWorkday', '15:00:00', '16:00:00', '5', '共 2 班, 均直达闵行校区');
insert into Shift values('XMWD1500B', '3','XuHuiToMinHang', '徐汇到闵行', 'NormalWorkday', '15:00:00', '16:00:00', '5', '共 2 班, 均直达闵行校区');
insert into Shift values('XMWD1700A', '1','XuHuiToMinHang', '徐汇到闵行', 'NormalWorkday', '17:00:00', '18:00:00', '5', '共 3 班, 均直达闵行校区');
insert into Shift values('XMWD1700B', '2','XuHuiToMinHang', '徐汇到闵行', 'NormalWorkday', '17:00:00', '18:00:00', '5', '共 3 班, 均直达闵行校区');
insert into Shift values('XMWD1700C', '3','XuHuiToMinHang', '徐汇到闵行', 'NormalWorkday', '17:00:00', '18:00:00', '5', '共 3 班, 均直达闵行校区');
insert into Shift values('XMWD1800A', '1','XuHuiToMinHang', '徐汇到闵行', 'NormalWorkday', '18:00:00', '19:00:00', '5', '共 2 班, 均直达闵行校区');
insert into Shift values('XMWD1800B', '2','XuHuiToMinHang', '徐汇到闵行', 'NormalWorkday', '18:00:00', '19:00:00', '5', '共 2 班, 均直达闵行校区');
insert into Shift values('XMWD2000A', '3','XuHuiToMinHang', '徐汇到闵行', 'NormalWorkday', '20:00:00', '21:00:00', '5', '共 2 班, 均直达闵行校区');
insert into Shift values('XMWD2000B', '1','XuHuiToMinHang', '徐汇到闵行', 'NormalWorkday', '20:00:00', '21:00:00', '5', '共 2 班, 均直达闵行校区');
insert into Shift values('XMWD2130A', '2','XuHuiToMinHang', '徐汇到闵行', 'NormalWorkday', '21:30:00', '22:30:00', '5', '共 2 班, 均直达闵行校区');
insert into Shift values('XMWD2130B', '3','XuHuiToMinHang', '徐汇到闵行', 'NormalWorkday', '21:30:00', '22:30:00', '5', '共 2 班, 均直达闵行校区');
insert into Shift values('XMWE0830', '1','XuHuiToMinHang', '徐汇到闵行', 'NormalWeekendAndLegalHoliday', '8:30:00', '9:30:00', '5', '共 1 班, 直达闵行校区');
insert into Shift values('XMWE1730', '2','XuHuiToMinHang', '徐汇到闵行', 'NormalWeekendAndLegalHoliday', '17:30:00', '18:30:00', '5', '共 1 班, 直达闵行校区');
insert into Shift values('XMHD0730A', '3','XuHuiToMinHang', '徐汇到闵行', 'HolidayWorkday', '7:30:00', '8:30:00', '5', '共 4 班, 该班途径天钥、上中、罗阳直达闵行');
insert into Shift values('XMHD0730B', '1','XuHuiToMinHang', '徐汇到闵行', 'HolidayWorkday', '7:30:00', '8:30:00', '5', '共 4 班, 该班交大新村始发');
insert into Shift values('XMHD0730C', '2','XuHuiToMinHang', '徐汇到闵行', 'HolidayWorkday', '7:30:00', '8:30:00', '5', '共 4 班, 该班田林始发');
insert into Shift values('XMHD0730D', '3','XuHuiToMinHang', '徐汇到闵行', 'HolidayWorkday', '7:30:00', '8:30:00', '5', '共 4 班, 该班古美始发');
insert into Shift values('XMHD0830', '1','XuHuiToMinHang', '徐汇到闵行', 'HolidayWorkday', '8:30:00', '9:30:00', '5', '共 1 班, 古美始发');
insert into Shift values('XMHD1315', '2','XuHuiToMinHang', '徐汇到闵行', 'HolidayWorkday', '13:15:00', '14:15:00', '5', '共 1 班, 直达闵行校区');
insert into Shift values('XMHD1630', '3','XuHuiToMinHang', '徐汇到闵行', 'HolidayWorkday', '16:30:00', '17:30:00', '5', '共 1 班, 直达闵行校区');
insert into Shift values('XMHD2100', '1','XuHuiToMinHang', '徐汇到闵行', 'HolidayWorkday', '21:00:00', '22:00:00', '5', '共 1 班, 直达闵行校区');
insert into Shift values('XMHE0830', '2','XuHuiToMinHang', '徐汇到闵行', 'HolidayWeekend', '8:30:00', '9:30:00', '5', '共 1 班, 直达闵行校区');
insert into Shift values('XMHE1730', '3','XuHuiToMinHang', '徐汇到闵行', 'HolidayWeekend', '17:30:00', '18:30:00', '5', '共 1 班, 直达闵行校区');
insert into Shift values('QMWD0700', '1','QiBaoToMinHang', '七宝到闵行', 'NormalWorkday', '7:00:00', '8:00:00', '5', '共 1 班, 直达闵行校区');
insert into Shift values('QMWD1110', '2','QiBaoToMinHang', '七宝到闵行', 'NormalWorkday', '11:10:00', '12:10:00', '5', '共 1 班, 直达闵行校区');
insert into Shift values('QMWD1610', '3','QiBaoToMinHang', '七宝到闵行', 'NormalWorkday', '16:10:00', '17:10:00', '5', '共 1 班, 直达闵行校区');
insert into Shift values('QMWD1950', '1','QiBaoToMinHang', '七宝到闵行', 'NormalWorkday', '19:50:00', '20:50:00', '5', '共 1 班, 直达闵行校区');
insert into Shift values('QMHD0800', '2','QiBaoToMinHang', '七宝到闵行', 'HolidayWorkday', '8:00:00', '9:00:00', '5', '共 1 班, 直达闵行校区');
insert into Shift values('QMHD1610', '3','QiBaoToMinHang', '七宝到闵行', 'HolidayWorkday', '16:10:00', '17:10:00', '5', '共 1 班, 直达闵行校区');
insert into Shift values('MQWD0800', '1','MinHangToQiBao', '闵行到七宝', 'NormalWorkday', '8:00:00', '9:00:00', '5', '共 1 班, 直达七宝校区');
insert into Shift values('MQWD1220', '2','MinHangToQiBao', '闵行到七宝', 'NormalWorkday', '12:20:00', '13:20:00', '5', '共 1 班, 直达七宝校区');
insert into Shift values('MQWD1700', '3','MinHangToQiBao', '闵行到七宝', 'NormalWorkday', '17:00:00', '18:00:00', '5', '共 1 班, 直达七宝校区');
insert into Shift values('MQWD2030', '1','MinHangToQiBao', '闵行到七宝', 'NormalWorkday', '20:30:00', '21:30:00', '5', '共 1 班, 直达七宝校区');
insert into Shift values('MQHD0850', '2','MinHangToQiBao', '闵行到七宝', 'HolidayWorkday', '8:50:00', '9:50:00', '5', '共 1 班, 直达七宝校区');
insert into Shift values('MQHD1700', '3','MinHangToQiBao', '闵行到七宝', 'HolidayWorkday', '17:00:00', '18:00:00', '5', '共 1 班, 直达七宝校区');

insert into Appointment values('1', '1', 'MXWD1700A', 'yzh', '姚子航', '', '2018-06-30', 'MinHangToXuHui', '闵行到徐汇', '2018-06-29 12:00:00', '1');
insert into Appointment values('2', '2', 'MXWD1700A', 'wxw', '王鑫伟', '', '2018-07-01', 'MinHangToXuHui', '闵行到徐汇', '2018-06-29 12:00:01', '1');
insert into Appointment values('3', '3', 'MXWD1700A', 'ly', '励颖', '', '2018-07-02', 'MinHangToXuHui', '闵行到徐汇', '2018-06-29 12:00:02', '1');
insert into Appointment values('4', '4', 'MXWD1700B', 'wyl', '王一林', '', '2018-07-03', 'MinHangToXuHui', '闵行到徐汇', '2018-06-29 12:00:03', '1');
insert into Appointment values('5', '5', 'MXWD1700B', 'sbj', '沈备军', '', '2018-07-04', 'MinHangToXuHui', '闵行到徐汇', '2018-06-29 12:00:04', '1');
insert into Appointment values('6', '6', 'MXWD1700C', 'rr', '任锐', '', '2018-07-05', 'MinHangToXuHui', '闵行到徐汇', '2018-06-29 12:00:05', '1');
insert into Appointment values('7', '7', 'MXWD1700C', 'chp', '陈昊鹏', '', '2018-07-06', 'MinHangToXuHui', '闵行到徐汇', '2018-06-29 12:00:06', '0');
insert into Appointment values('8', '1', 'MXWD1700A', 'yzh', '姚子航', '', '2018-07-07', 'MinHangToXuHui', '闵行到徐汇', '2018-06-29 12:00:07', '1');
insert into Appointment values('9', '2', 'MXWD1700A', 'wxw', '王鑫伟', '', '2018-07-08', 'MinHangToXuHui', '闵行到徐汇', '2018-06-29 12:00:08', '1');
insert into Appointment values('10', '3', 'MXWD1700B', 'ly', '励颖', '', '2018-07-09', 'MinHangToXuHui', '闵行到徐汇', '2018-06-29 12:00:09', '1');
insert into Appointment values('11', '4', 'MXWD1700B', 'wyl', '王一林', '', '2018-07-10', 'MinHangToXuHui', '闵行到徐汇', '2018-06-29 12:00:10', '1');
insert into Appointment values('12', '5', 'MXWD1700C', 'sbj', '沈备军', '', '2018-07-11', 'MinHangToXuHui', '闵行到徐汇', '2018-06-29 12:00:11', '0');
insert into Appointment values('13', '6', 'MXWD1700C', 'rr', '任锐', '', '2018-07-12', 'MinHangToXuHui', '闵行到徐汇', '2018-06-29 12:00:12', '0');
insert into Appointment values('14', '7', 'MXWD1700C', 'chp', '陈昊鹏', '', '2018-07-13', 'MinHangToXuHui', '闵行到徐汇', '2018-06-29 12:00:13', '0');
insert into Appointment values('15', '1', 'MXWD1700A', 'yzh', '姚子航', '', '2018-07-14', 'MinHangToXuHui', '闵行到徐汇', '2018-06-29 12:00:14', '1');
insert into Appointment values('16', '2', 'MXWD1700A', 'wxw', '王鑫伟', '', '2018-07-15', 'MinHangToXuHui', '闵行到徐汇', '2018-06-29 12:00:15', '1');


insert into RideBusInfo values('1', '2018-07-09', 'LLAW0730', '1', '0', '1', '50', '45', '5', '40', '0');
